synthetic,work,acdc,gear,pl1_w,freq_ghz,cpu_util,gpu_util,perf_score,power_w,temp_c,fluency_violation,policy_ver,fence_ver,envelope_ver
1,W0,AC,Quiet,25,3.8,62.5,7.3,64.0,34.5,56.9,0,stub-1,1.0,1.0
1,W1,AC,Quiet,25,3.8,85.3,12.8,66.7,38.4,58.6,0,stub-1,1.0,1.0
1,W2,AC,Quiet,25,3.8,24.7,50.5,55.0,23.9,52.3,0,stub-1,1.0,1.0
1,W3,AC,Quiet,25,3.8,58.0,77.8,60.0,35.6,57.6,0,stub-1,1.0,1.0
1,W4,AC,Quiet,25,3.8,67.8,35.6,70.2,38.6,58.2,0,stub-1,1.0,1.0
1,W5,AC,Quiet,25,3.8,81.3,59.3,71.1,39.0,56.4,0,stub-1,1.0,1.0
1,W6,AC,Quiet,25,3.8,53.3,92.6,58.8,32.6,57.4,0,stub-1,1.0,1.0
1,W7,AC,Quiet,25,3.8,82.6,57.0,66.7,38.0,57.8,0,stub-1,1.0,1.0
1,W0,AC,Quiet,25,3.8,25.5,31.0,55.2,24.6,54.6,0,stub-1,1.0,1.0
1,W1,AC,Quiet,25,3.8,62.2,37.8,65.7,32.1,57.0,0,stub-1,1.0,1.0
1,W2,AC,Quiet,25,3.8,29.0,89.3,51.9,22.6,54.0,0,stub-1,1.0,1.0
1,W3,AC,Quiet,25,3.8,39.2,94.1,61.6,25.7,52.5,0,stub-1,1.0,1.0
1,W4,AC,Quiet,25,3.8,66.6,80.9,65.9,32.7,57.7,0,stub-1,1.0,1.0
1,W5,AC,Quiet,25,3.8,24.0,89.9,53.3,24.7,52.7,0,stub-1,1.0,1.0
1,W6,AC,Quiet,25,3.8,64.0,40.6,67.7,32.4,56.2,0,stub-1,1.0,1.0
1,W7,AC,Quiet,25,3.8,55.5,28.6,64.5,27.7,53.1,0,stub-1,1.0,1.0
1,W0,AC,Quiet,25,3.8,40.9,24.7,61.5,27.7,55.1,0,stub-1,1.0,1.0
1,W1,AC,Quiet,25,3.8,14.9,61.5,50.6,21.8,51.1,0,stub-1,1.0,1.0
1,W2,AC,Quiet,25,3.8,10.7,39.3,52.5,20.1,55.0,1,stub-1,1.0,1.0
1,W3,AC,Quiet,25,3.8,69.9,66.4,65.5,33.4,56.4,0,stub-1,1.0,1.0
1,W4,AC,Quiet,25,3.8,62.7,15.0,61.4,34.0,59.9,0,stub-1,1.0,1.0
1,W5,AC,Quiet,25,3.8,50.1,21.1,58.9,33.5,55.1,0,stub-1,1.0,1.0
1,W6,AC,Quiet,25,3.8,31.9,62.5,53.8,24.7,53.8,0,stub-1,1.0,1.0
1,W7,AC,Quiet,25,3.8,75.1,52.7,64.4,38.0,58.3,0,stub-1,1.0,1.0
1,W0,DC,Quiet,25,3.8,6.8,88.6,51.7,16.6,50.6,0,stub-1,1.0,1.0
1,W1,DC,Quiet,25,3.8,84.0,90.2,71.8,40.5,60.1,0,stub-1,1.0,1.0
1,W2,DC,Quiet,25,3.8,11.2,73.5,49.1,19.3,49.9,0,stub-1,1.0,1.0
1,W3,DC,Quiet,25,3.8,83.5,43.1,71.2,39.0,60.5,0,stub-1,1.0,1.0
1,W4,DC,Quiet,25,3.8,70.7,23.1,63.1,41.2,58.5,0,stub-1,1.0,1.0
1,W5,DC,Quiet,25,3.8,15.9,25.2,47.8,20.1,53.7,0,stub-1,1.0,1.0
1,W6,DC,Quiet,25,3.8,25.7,24.8,57.1,25.1,54.2,0,stub-1,1.0,1.0
1,W7,DC,Quiet,25,3.8,82.4,11.4,76.8,38.3,60.6,0,stub-1,1.0,1.0
1,W0,AC,Balance,40,4.8,24.3,16.9,68.5,33.0,54.0,0,stub-1,1.0,1.0
1,W1,AC,Balance,40,4.8,77.7,22.1,81.8,49.2,63.1,0,stub-1,1.0,1.0
1,W2,AC,Balance,40,4.8,43.1,47.0,69.9,35.8,58.2,0,stub-1,1.0,1.0
1,W3,AC,Balance,40,4.8,35.5,82.6,68.1,36.9,58.9,0,stub-1,1.0,1.0
1,W4,AC,Balance,40,4.8,45.4,43.0,70.8,40.8,60.7,0,stub-1,1.0,1.0
1,W5,AC,Balance,40,4.8,54.5,9.6,72.5,45.4,60.9,0,stub-1,1.0,1.0
1,W6,AC,Balance,40,4.8,92.2,88.4,86.3,50.1,61.5,0,stub-1,1.0,1.0
1,W7,AC,Balance,40,4.8,41.1,10.3,70.1,34.1,59.9,0,stub-1,1.0,1.0
1,W0,AC,Balance,40,4.8,28.9,75.6,63.2,35.8,62.3,0,stub-1,1.0,1.0
1,W1,AC,Balance,40,4.8,55.0,69.7,71.5,42.7,61.0,0,stub-1,1.0,1.0
1,W2,AC,Balance,40,4.8,92.2,57.1,80.4,50.2,64.4,0,stub-1,1.0,1.0
1,W3,AC,Balance,40,4.8,81.7,19.2,83.5,49.2,62.1,0,stub-1,1.0,1.0
1,W4,AC,Balance,40,4.8,21.7,58.6,63.1,32.1,58.5,0,stub-1,1.0,1.0
1,W5,AC,Balance,40,4.8,58.5,60.7,79.5,40.3,60.1,0,stub-1,1.0,1.0
1,W6,AC,Balance,40,4.8,52.1,89.1,74.6,44.1,60.5,0,stub-1,1.0,1.0
1,W7,AC,Balance,40,4.8,65.5,32.0,80.2,43.0,62.3,0,stub-1,1.0,1.0
1,W0,AC,Balance,40,4.8,11.5,46.2,71.0,30.8,56.7,0,stub-1,1.0,1.0
1,W1,AC,Balance,40,4.8,28.9,89.0,67.2,38.2,56.3,0,stub-1,1.0,1.0
1,W2,AC,Balance,40,4.8,38.3,19.2,71.4,34.9,53.8,0,stub-1,1.0,1.0
1,W3,AC,Balance,40,4.8,5.7,78.5,53.6,28.5,57.1,0,stub-1,1.0,1.0
1,W4,AC,Balance,40,4.8,89.5,17.1,85.5,51.0,61.7,0,stub-1,1.0,1.0
1,W5,AC,Balance,40,4.8,69.6,23.3,77.7,44.4,59.6,0,stub-1,1.0,1.0
1,W6,AC,Balance,40,4.8,49.0,86.5,73.0,39.5,57.8,0,stub-1,1.0,1.0
1,W7,AC,Balance,40,4.8,5.3,74.4,60.3,28.3,54.0,0,stub-1,1.0,1.0
1,W0,DC,Balance,40,4.8,71.7,54.7,78.7,46.1,63.9,0,stub-1,1.0,1.0
1,W1,DC,Balance,40,4.8,86.4,54.1,86.3,50.9,61.1,0,stub-1,1.0,1.0
1,W2,DC,Balance,40,4.8,18.3,16.5,60.8,36.6,58.7,0,stub-1,1.0,1.0
1,W3,DC,Balance,40,4.8,23.9,27.5,59.1,36.8,59.4,0,stub-1,1.0,1.0
1,W4,DC,Balance,40,4.8,84.6,41.6,81.7,48.3,64.6,0,stub-1,1.0,1.0
1,W5,DC,Balance,40,4.8,78.0,84.3,78.4,50.7,63.1,0,stub-1,1.0,1.0
1,W6,DC,Balance,40,4.8,34.9,88.8,70.0,32.9,57.0,0,stub-1,1.0,1.0
1,W7,DC,Balance,40,4.8,75.9,14.7,78.2,49.7,60.3,0,stub-1,1.0,1.0
1,W0,AC,Beast,65,5.0,25.0,78.5,65.0,52.2,63.6,0,stub-1,1.0,1.0
1,W1,AC,Beast,65,5.0,7.1,22.4,60.1,45.4,63.5,0,stub-1,1.0,1.0
1,W2,AC,Beast,65,5.0,92.0,30.1,85.7,66.9,70.3,0,stub-1,1.0,1.0
1,W3,AC,Beast,65,5.0,15.4,92.3,64.2,51.6,66.5,0,stub-1,1.0,1.0
1,W4,AC,Beast,65,5.0,28.9,14.8,64.2,54.0,63.1,0,stub-1,1.0,1.0
1,W5,AC,Beast,65,5.0,39.7,56.9,75.7,55.3,66.7,0,stub-1,1.0,1.0
1,W6,AC,Beast,65,5.0,5.2,88.3,56.9,46.0,61.0,0,stub-1,1.0,1.0
1,W7,AC,Beast,65,5.0,37.8,11.3,66.9,54.0,62.8,0,stub-1,1.0,1.0
1,W0,AC,Beast,65,5.0,33.3,81.3,69.5,52.2,62.7,0,stub-1,1.0,1.0
1,W1,AC,Beast,65,5.0,41.2,31.6,75.2,57.3,66.2,0,stub-1,1.0,1.0
1,W2,AC,Beast,65,5.0,89.6,66.0,90.3,66.3,67.6,1,stub-1,1.0,1.0
1,W3,AC,Beast,65,5.0,30.8,43.7,72.8,50.6,61.7,0,stub-1,1.0,1.0
1,W4,AC,Beast,65,5.0,46.8,44.8,74.8,59.4,68.0,0,stub-1,1.0,1.0
1,W5,AC,Beast,65,5.0,12.6,51.4,60.7,47.4,60.6,0,stub-1,1.0,1.0
1,W6,AC,Beast,65,5.0,78.7,72.6,82.6,63.9,67.5,0,stub-1,1.0,1.0
1,W7,AC,Beast,65,5.0,27.0,47.8,68.7,52.7,63.0,0,stub-1,1.0,1.0
1,W0,AC,Beast,65,5.0,42.3,61.7,74.3,59.0,64.5,0,stub-1,1.0,1.0
1,W1,AC,Beast,65,5.0,64.0,5.5,79.3,61.5,64.0,0,stub-1,1.0,1.0
1,W2,AC,Beast,65,5.0,14.6,43.3,67.8,53.6,63.3,0,stub-1,1.0,1.0
1,W3,AC,Beast,65,5.0,81.4,46.1,84.3,66.8,66.3,0,stub-1,1.0,1.0
1,W4,AC,Beast,65,5.0,93.9,58.6,94.2,67.7,66.9,0,stub-1,1.0,1.0
1,W5,AC,Beast,65,5.0,79.8,54.3,80.8,68.1,67.3,0,stub-1,1.0,1.0
1,W6,AC,Beast,65,5.0,47.7,28.3,74.4,60.3,66.3,0,stub-1,1.0,1.0
1,W7,AC,Beast,65,5.0,61.4,29.7,74.8,62.3,67.4,0,stub-1,1.0,1.0
1,W0,DC,Beast,65,5.0,29.5,33.8,67.3,52.6,63.7,0,stub-1,1.0,1.0
1,W1,DC,Beast,65,5.0,68.6,10.8,85.2,60.6,67.2,0,stub-1,1.0,1.0
1,W2,DC,Beast,65,5.0,42.4,23.6,67.0,58.2,63.4,0,stub-1,1.0,1.0
1,W3,DC,Beast,65,5.0,73.9,39.2,79.8,65.8,68.1,0,stub-1,1.0,1.0
1,W4,DC,Beast,65,5.0,72.8,81.8,84.8,63.1,67.1,0,stub-1,1.0,1.0
1,W5,DC,Beast,65,5.0,24.8,24.7,63.7,51.3,63.1,0,stub-1,1.0,1.0
1,W6,DC,Beast,65,5.0,35.3,66.1,69.1,55.0,63.5,0,stub-1,1.0,1.0
1,W7,DC,Beast,65,5.0,61.0,7.4,78.6,58.7,66.7,0,stub-1,1.0,1.0
1,W0,AC,Extreme,65,5.2,7.4,62.8,66.8,49.0,63.6,0,stub-1,1.0,1.0
1,W1,AC,Extreme,65,5.2,24.0,34.4,70.5,51.7,61.6,0,stub-1,1.0,1.0
1,W2,AC,Extreme,65,5.2,72.7,79.9,84.2,64.5,69.4,0,stub-1,1.0,1.0
1,W3,AC,Extreme,65,5.2,36.5,63.5,73.8,55.2,62.2,0,stub-1,1.0,1.0
1,W4,AC,Extreme,65,5.2,72.9,90.5,84.5,64.1,67.9,0,stub-1,1.0,1.0
1,W5,AC,Extreme,65,5.2,55.8,24.6,80.4,58.4,63.0,0,stub-1,1.0,1.0
1,W6,AC,Extreme,65,5.2,20.1,59.7,68.4,49.5,64.0,0,stub-1,1.0,1.0
1,W7,AC,Extreme,65,5.2,14.7,7.3,59.8,48.0,63.9,0,stub-1,1.0,1.0
1,W0,AC,Extreme,65,5.2,91.2,40.7,89.5,67.5,67.9,0,stub-1,1.0,1.0
1,W1,AC,Extreme,65,5.2,14.2,74.5,62.7,50.6,61.1,0,stub-1,1.0,1.0
1,W2,AC,Extreme,65,5.2,15.9,93.5,67.7,47.7,60.4,0,stub-1,1.0,1.0
1,W3,AC,Extreme,65,5.2,35.7,81.5,74.4,54.8,63.6,0,stub-1,1.0,1.0
1,W4,AC,Extreme,65,5.2,91.5,62.2,92.1,65.6,65.7,0,stub-1,1.0,1.0
1,W5,AC,Extreme,65,5.2,29.3,77.7,73.1,50.6,62.3,0,stub-1,1.0,1.0
1,W6,AC,Extreme,65,5.2,44.2,70.8,75.0,60.4,66.5,0,stub-1,1.0,1.0
1,W7,AC,Extreme,65,5.2,84.3,26.9,86.6,63.9,67.8,0,stub-1,1.0,1.0
1,W0,AC,Extreme,65,5.2,39.1,7.6,75.3,54.3,64.6,0,stub-1,1.0,1.0
1,W1,AC,Extreme,65,5.2,35.6,84.2,78.3,53.9,62.7,0,stub-1,1.0,1.0
1,W2,AC,Extreme,65,5.2,5.9,90.3,68.3,48.6,59.5,0,stub-1,1.0,1.0
1,W3,AC,Extreme,65,5.2,63.1,49.2,81.7,61.5,65.9,0,stub-1,1.0,1.0
1,W4,AC,Extreme,65,5.2,24.9,67.3,68.5,54.2,62.2,0,stub-1,1.0,1.0
1,W5,AC,Extreme,65,5.2,72.1,34.8,84.7,63.1,65.9,0,stub-1,1.0,1.0
1,W6,AC,Extreme,65,5.2,27.6,15.9,71.2,53.4,61.2,0,stub-1,1.0,1.0
1,W7,AC,Extreme,65,5.2,21.7,24.5,67.8,47.7,61.9,0,stub-1,1.0,1.0
1,W0,DC,Extreme,65,5.2,92.9,52.2,90.0,69.6,69.7,0,stub-1,1.0,1.0
1,W1,DC,Extreme,65,5.2,21.1,6.3,70.8,49.2,62.0,0,stub-1,1.0,1.0
1,W2,DC,Extreme,65,5.2,92.7,54.8,89.7,67.7,69.9,0,stub-1,1.0,1.0
1,W3,DC,Extreme,65,5.2,56.7,47.2,76.8,58.5,65.8,0,stub-1,1.0,1.0
1,W4,DC,Extreme,65,5.2,9.6,89.7,59.8,48.4,61.5,0,stub-1,1.0,1.0
1,W5,DC,Extreme,65,5.2,9.8,18.4,66.0,46.4,60.7,0,stub-1,1.0,1.0
1,W6,DC,Extreme,65,5.2,94.5,15.7,91.1,66.4,68.5,0,stub-1,1.0,1.0
1,W7,DC,Extreme,65,5.2,52.0,45.5,75.9,54.8,65.2,0,stub-1,1.0,1.0
1,W0,AC,Quiet,25,3.8,94.1,32.5,70.8,39.1,58.5,0,stub-1,1.0,1.0
1,W1,AC,Quiet,25,3.8,23.7,24.0,45.4,22.8,52.2,0,stub-1,1.0,1.0
1,W2,AC,Quiet,25,3.8,20.6,11.8,55.1,22.7,51.9,0,stub-1,1.0,1.0
1,W3,AC,Quiet,25,3.8,68.6,68.3,64.8,31.7,56.8,0,stub-1,1.0,1.0
1,W4,AC,Quiet,25,3.8,88.2,75.9,68.9,37.5,59.6,0,stub-1,1.0,1.0
1,W5,AC,Quiet,25,3.8,63.3,86.8,63.3,33.7,56.3,0,stub-1,1.0,1.0
1,W6,AC,Quiet,25,3.8,19.9,32.7,51.6,19.9,51.8,0,stub-1,1.0,1.0
1,W7,AC,Quiet,25,3.8,67.0,68.0,67.2,36.5,57.1,0,stub-1,1.0,1.0
1,W0,AC,Quiet,25,3.8,49.4,12.2,63.5,30.4,55.1,0,stub-1,1.0,1.0
1,W1,AC,Quiet,25,3.8,13.2,91.6,51.6,22.2,51.1,0,stub-1,1.0,1.0
1,W2,AC,Quiet,25,3.8,90.6,95.0,71.7,38.7,61.0,0,stub-1,1.0,1.0
1,W3,AC,Quiet,25,3.8,63.6,87.4,66.0,34.5,58.9,0,stub-1,1.0,1.0
1,W4,AC,Quiet,25,3.8,62.1,49.3,66.6,34.0,55.8,0,stub-1,1.0,1.0
1,W5,AC,Quiet,25,3.8,34.7,67.4,59.9,25.0,57.3,0,stub-1,1.0,1.0
1,W6,AC,Quiet,25,3.8,78.2,54.5,66.6,37.5,56.4,0,stub-1,1.0,1.0
1,W7,AC,Quiet,25,3.8,41.4,51.3,65.1,30.8,55.6,0,stub-1,1.0,1.0
1,W0,AC,Quiet,25,3.8,53.8,42.2,62.8,32.7,56.5,0,stub-1,1.0,1.0
1,W1,AC,Quiet,25,3.8,73.4,23.3,63.4,31.5,55.0,0,stub-1,1.0,1.0
1,W2,AC,Quiet,25,3.8,44.4,67.8,64.8,32.3,55.5,0,stub-1,1.0,1.0
1,W3,AC,Quiet,25,3.8,54.6,54.7,60.6,36.3,60.3,0,stub-1,1.0,1.0
1,W4,AC,Quiet,25,3.8,87.2,46.5,75.9,41.8,57.3,0,stub-1,1.0,1.0
1,W5,AC,Quiet,25,3.8,29.6,80.1,54.5,26.4,54.1,0,stub-1,1.0,1.0
1,W6,AC,Quiet,25,3.8,54.6,39.5,65.1,30.0,57.7,0,stub-1,1.0,1.0
1,W7,AC,Quiet,25,3.8,29.9,76.1,50.4,20.9,54.1,0,stub-1,1.0,1.0
1,W0,DC,Quiet,25,3.8,50.7,78.8,60.3,31.8,51.4,0,stub-1,1.0,1.0
1,W1,DC,Quiet,25,3.8,49.1,18.4,54.6,28.0,54.5,0,stub-1,1.0,1.0
1,W2,DC,Quiet,25,3.8,54.7,53.9,59.5,31.7,57.0,0,stub-1,1.0,1.0
1,W3,DC,Quiet,25,3.8,26.0,74.8,57.7,27.2,55.2,0,stub-1,1.0,1.0
1,W4,DC,Quiet,25,3.8,68.5,78.0,62.8,36.6,59.6,0,stub-1,1.0,1.0
1,W5,DC,Quiet,25,3.8,8.3,50.2,40.5,16.2,49.0,0,stub-1,1.0,1.0
1,W6,DC,Quiet,25,3.8,83.7,44.6,67.4,38.1,58.1,0,stub-1,1.0,1.0
1,W7,DC,Quiet,25,3.8,63.9,18.9,61.7,28.3,55.7,0,stub-1,1.0,1.0
1,W0,AC,Balance,40,4.8,35.5,67.3,64.8,33.7,58.6,0,stub-1,1.0,1.0
1,W1,AC,Balance,40,4.8,39.2,33.5,64.6,37.1,55.5,0,stub-1,1.0,1.0
1,W2,AC,Balance,40,4.8,83.5,8.2,86.5,50.1,67.1,0,stub-1,1.0,1.0
1,W3,AC,Balance,40,4.8,44.1,13.9,65.9,36.3,55.4,0,stub-1,1.0,1.0
1,W4,AC,Balance,40,4.8,44.9,67.5,71.8,38.9,59.0,0,stub-1,1.0,1.0
1,W5,AC,Balance,40,4.8,18.1,52.8,60.6,29.3,54.2,0,stub-1,1.0,1.0
1,W6,AC,Balance,40,4.8,20.3,12.1,66.6,31.1,56.1,0,stub-1,1.0,1.0
1,W7,AC,Balance,40,4.8,17.9,46.5,69.6,32.4,57.5,0,stub-1,1.0,1.0
1,W0,AC,Balance,40,4.8,5.8,77.4,63.0,27.7,55.6,0,stub-1,1.0,1.0
1,W1,AC,Balance,40,4.8,36.1,57.9,71.1,35.7,56.3,0,stub-1,1.0,1.0
1,W2,AC,Balance,40,4.8,27.5,81.1,66.8,36.7,56.8,0,stub-1,1.0,1.0
1,W3,AC,Balance,40,4.8,56.7,94.3,74.9,40.6,63.2,0,stub-1,1.0,1.0
1,W4,AC,Balance,40,4.8,64.2,29.7,72.7,42.8,60.0,0,stub-1,1.0,1.0
1,W5,AC,Balance,40,4.8,49.7,86.4,71.6,39.6,61.5,0,stub-1,1.0,1.0
1,W6,AC,Balance,40,4.8,59.6,36.7,72.8,40.8,58.2,0,stub-1,1.0,1.0
1,W7,AC,Balance,40,4.8,64.3,80.5,72.6,41.1,57.0,0,stub-1,1.0,1.0
1,W0,AC,Balance,40,4.8,63.2,32.8,72.9,44.7,60.6,0,stub-1,1.0,1.0
1,W1,AC,Balance,40,4.8,31.6,72.3,65.8,36.4,58.4,0,stub-1,1.0,1.0
1,W2,AC,Balance,40,4.8,53.5,92.4,67.2,40.5,59.7,0,stub-1,1.0,1.0
1,W3,AC,Balance,40,4.8,48.4,77.6,70.1,40.1,57.7,0,stub-1,1.0,1.0
1,W4,AC,Balance,40,4.8,15.4,91.7,67.2,35.9,59.1,0,stub-1,1.0,1.0
1,W5,AC,Balance,40,4.8,92.1,77.4,81.5,48.7,64.0,0,stub-1,1.0,1.0
1,W6,AC,Balance,40,4.8,6.3,53.3,55.2,30.4,54.7,0,stub-1,1.0,1.0
1,W7,AC,Balance,40,4.8,79.0,89.6,77.8,48.9,62.8,0,stub-1,1.0,1.0
1,W0,DC,Balance,40,4.8,7.3,84.6,53.6,28.1,54.9,0,stub-1,1.0,1.0
1,W1,DC,Balance,40,4.8,79.1,86.8,82.4,47.1,62.9,0,stub-1,1.0,1.0
1,W2,DC,Balance,40,4.8,17.6,90.2,61.7,34.6,59.7,0,stub-1,1.0,1.0
1,W3,DC,Balance,40,4.8,45.8,65.3,74.9,39.2,55.1,0,stub-1,1.0,1.0
1,W4,DC,Balance,40,4.8,42.7,71.8,72.2,40.4,60.5,0,stub-1,1.0,1.0
1,W5,DC,Balance,40,4.8,90.6,7.9,86.8,49.2,63.4,0,stub-1,1.0,1.0
1,W6,DC,Balance,40,4.8,90.5,82.0,88.5,52.4,59.4,0,stub-1,1.0,1.0
1,W7,DC,Balance,40,4.8,37.3,40.8,66.5,37.7,58.9,0,stub-1,1.0,1.0
1,W0,AC,Beast,65,5.0,81.3,45.9,82.2,63.4,66.9,0,stub-1,1.0,1.0
1,W1,AC,Beast,65,5.0,75.8,26.9,82.4,66.3,69.6,0,stub-1,1.0,1.0
1,W2,AC,Beast,65,5.0,11.2,73.9,63.9,49.6,63.3,0,stub-1,1.0,1.0
1,W3,AC,Beast,65,5.0,86.0,5.3,83.9,67.7,68.0,0,stub-1,1.0,1.0
1,W4,AC,Beast,65,5.0,16.7,27.6,67.0,52.3,63.6,0,stub-1,1.0,1.0
1,W5,AC,Beast,65,5.0,26.4,34.1,68.0,52.4,63.8,0,stub-1,1.0,1.0
1,W6,AC,Beast,65,5.0,71.8,52.3,81.4,61.2,66.7,0,stub-1,1.0,1.0
1,W7,AC,Beast,65,5.0,14.8,50.3,60.9,49.8,62.3,0,stub-1,1.0,1.0
1,W0,AC,Beast,65,5.0,75.5,83.0,79.4,64.1,67.9,0,stub-1,1.0,1.0
1,W1,AC,Beast,65,5.0,48.1,41.1,74.2,56.6,63.2,0,stub-1,1.0,1.0
1,W2,AC,Beast,65,5.0,86.9,11.6,89.7,68.5,70.1,0,stub-1,1.0,1.0
1,W3,AC,Beast,65,5.0,54.4,34.3,77.3,61.5,66.5,0,stub-1,1.0,1.0
1,W4,AC,Beast,65,5.0,45.8,59.5,77.5,58.8,66.9,0,stub-1,1.0,1.0
1,W5,AC,Beast,65,5.0,69.9,24.4,77.5,61.6,66.9,0,stub-1,1.0,1.0
1,W6,AC,Beast,65,5.0,35.5,45.8,69.5,54.8,62.2,0,stub-1,1.0,1.0
1,W7,AC,Beast,65,5.0,38.7,18.7,73.6,55.8,64.3,0,stub-1,1.0,1.0
1,W0,AC,Beast,65,5.0,79.9,13.4,88.0,67.3,69.3,0,stub-1,1.0,1.0
1,W1,AC,Beast,65,5.0,57.8,55.5,73.8,59.5,66.5,0,stub-1,1.0,1.0
1,W2,AC,Beast,65,5.0,36.8,64.9,71.1,50.7,62.0,0,stub-1,1.0,1.0
1,W3,AC,Beast,65,5.0,36.6,57.0,63.2,55.3,66.5,0,stub-1,1.0,1.0
1,W4,AC,Beast,65,5.0,25.2,14.7,69.2,50.2,62.7,0,stub-1,1.0,1.0
1,W5,AC,Beast,65,5.0,81.1,92.7,80.4,66.9,66.5,0,stub-1,1.0,1.0
1,W6,AC,Beast,65,5.0,62.8,7.4,83.9,59.6,65.8,0,stub-1,1.0,1.0
1,W7,AC,Beast,65,5.0,68.2,32.8,82.4,62.4,67.0,0,stub-1,1.0,1.0
1,W0,DC,Beast,65,5.0,83.3,56.0,83.6,67.0,68.2,0,stub-1,1.0,1.0
1,W1,DC,Beast,65,5.0,72.2,24.4,81.1,61.9,67.3,0,stub-1,1.0,1.0
1,W2,DC,Beast,65,5.0,38.3,69.9,72.1,52.5,63.8,0,stub-1,1.0,1.0
1,W3,DC,Beast,65,5.0,60.6,65.7,78.7,60.2,68.3,0,stub-1,1.0,1.0
1,W4,DC,Beast,65,5.0,48.7,44.8,73.9,61.0,67.5,0,stub-1,1.0,1.0
1,W5,DC,Beast,65,5.0,66.1,48.8,81.9,61.7,66.2,0,stub-1,1.0,1.0
1,W6,DC,Beast,65,5.0,40.6,58.9,74.7,55.7,64.7,0,stub-1,1.0,1.0
1,W7,DC,Beast,65,5.0,28.0,34.5,70.0,55.8,64.7,0,stub-1,1.0,1.0
1,W0,AC,Extreme,65,5.2,20.8,39.2,67.6,48.4,63.3,0,stub-1,1.0,1.0
1,W1,AC,Extreme,65,5.2,11.5,82.6,61.1,48.7,62.1,0,stub-1,1.0,1.0
1,W2,AC,Extreme,65,5.2,87.9,82.6,85.3,66.3,67.8,0,stub-1,1.0,1.0
1,W3,AC,Extreme,65,5.2,6.9,34.2,61.4,48.1,59.9,0,stub-1,1.0,1.0
1,W4,AC,Extreme,65,5.2,79.9,87.8,91.3,67.5,68.7,0,stub-1,1.0,1.0
1,W5,AC,Extreme,65,5.2,40.6,32.9,78.6,54.7,65.3,0,stub-1,1.0,1.0
1,W6,AC,Extreme,65,5.2,20.1,50.9,71.1,52.1,64.4,0,stub-1,1.0,1.0
1,W7,AC,Extreme,65,5.2,70.5,78.7,82.0,63.7,66.3,0,stub-1,1.0,1.0
1,W0,AC,Extreme,65,5.2,18.2,22.8,63.8,48.0,61.3,0,stub-1,1.0,1.0
1,W1,AC,Extreme,65,5.2,74.6,49.5,83.2,64.2,64.9,0,stub-1,1.0,1.0
1,W2,AC,Extreme,65,5.2,45.4,88.2,72.1,55.7,62.4,0,stub-1,1.0,1.0
1,W3,AC,Extreme,65,5.2,18.6,11.1,63.7,48.6,62.4,0,stub-1,1.0,1.0
1,W4,AC,Extreme,65,5.2,29.7,10.1,68.7,52.9,63.0,0,stub-1,1.0,1.0
1,W5,AC,Extreme,65,5.2,11.9,82.8,66.3,50.2,60.9,0,stub-1,1.0,1.0
1,W6,AC,Extreme,65,5.2,50.6,46.6,72.6,57.0,66.2,0,stub-1,1.0,1.0
1,W7,AC,Extreme,65,5.2,77.9,63.7,83.8,64.0,68.9,0,stub-1,1.0,1.0
1,W0,AC,Extreme,65,5.2,18.6,10.6,73.1,52.7,62.1,0,stub-1,1.0,1.0
1,W1,AC,Extreme,65,5.2,50.4,20.5,81.5,58.1,67.0,0,stub-1,1.0,1.0
1,W2,AC,Extreme,65,5.2,44.5,52.0,77.3,58.3,65.1,0,stub-1,1.0,1.0
1,W3,AC,Extreme,65,5.2,58.8,76.0,83.1,59.8,65.5,0,stub-1,1.0,1.0
1,W4,AC,Extreme,65,5.2,13.5,66.1,65.4,52.0,61.4,0,stub-1,1.0,1.0
1,W5,AC,Extreme,65,5.2,35.0,57.4,67.5,55.4,65.5,0,stub-1,1.0,1.0
1,W6,AC,Extreme,65,5.2,92.1,67.9,86.9,70.2,70.8,0,stub-1,1.0,1.0
1,W7,AC,Extreme,65,5.2,38.9,76.2,73.1,56.4,62.7,0,stub-1,1.0,1.0
1,W0,DC,Extreme,65,5.2,79.6,71.5,84.8,63.2,66.1,0,stub-1,1.0,1.0
1,W1,DC,Extreme,65,5.2,37.6,37.6,71.2,55.5,65.4,0,stub-1,1.0,1.0
1,W2,DC,Extreme,65,5.2,90.3,48.8,89.7,69.1,71.8,0,stub-1,1.0,1.0
1,W3,DC,Extreme,65,5.2,74.4,80.2,87.4,64.5,67.3,0,stub-1,1.0,1.0
1,W4,DC,Extreme,65,5.2,35.3,74.0,75.0,55.8,66.0,0,stub-1,1.0,1.0
1,W5,DC,Extreme,65,5.2,77.8,19.9,90.6,63.1,67.7,0,stub-1,1.0,1.0
1,W6,DC,Extreme,65,5.2,65.9,26.4,79.9,62.5,66.9,0,stub-1,1.0,1.0
1,W7,DC,Extreme,65,5.2,53.1,32.9,75.0,59.6,64.3,0,stub-1,1.0,1.0
1,W0,AC,Quiet,25,3.8,80.2,38.1,77.8,35.7,56.3,0,stub-1,1.0,1.0
1,W1,AC,Quiet,25,3.8,39.4,52.5,58.0,30.9,55.2,0,stub-1,1.0,1.0
1,W2,AC,Quiet,25,3.8,77.1,17.5,68.7,39.6,60.2,0,stub-1,1.0,1.0
1,W3,AC,Quiet,25,3.8,81.1,81.6,67.2,37.0,60.4,0,stub-1,1.0,1.0
1,W4,AC,Quiet,25,3.8,29.6,86.5,56.4,26.6,55.3,0,stub-1,1.0,1.0
1,W5,AC,Quiet,25,3.8,36.5,7.4,55.8,28.8,55.7,0,stub-1,1.0,1.0
1,W6,AC,Quiet,25,3.8,26.2,94.5,53.0,24.4,56.1,0,stub-1,1.0,1.0
1,W7,AC,Quiet,25,3.8,63.5,76.2,62.2,34.4,58.0,0,stub-1,1.0,1.0
1,W0,AC,Quiet,25,3.8,79.7,67.6,72.5,39.8,58.8,0,stub-1,1.0,1.0
1,W1,AC,Quiet,25,3.8,12.1,28.0,49.3,21.8,51.0,0,stub-1,1.0,1.0
1,W2,AC,Quiet,25,3.8,70.5,52.5,68.6,36.2,57.5,0,stub-1,1.0,1.0
1,W3,AC,Quiet,25,3.8,76.5,46.1,69.4,39.9,61.1,0,stub-1,1.0,1.0
1,W4,AC,Quiet,25,3.8,58.7,6.5,61.0,32.0,57.2,0,stub-1,1.0,1.0
1,W5,AC,Quiet,25,3.8,26.7,42.5,56.1,23.7,52.8,0,stub-1,1.0,1.0
1,W6,AC,Quiet,25,3.8,92.7,11.1,69.9,40.3,61.0,0,stub-1,1.0,1.0
1,W7,AC,Quiet,25,3.8,40.1,47.3,57.4,23.8,50.2,0,stub-1,1.0,1.0
1,W0,AC,Quiet,25,3.8,27.8,6.5,54.6,22.7,52.7,0,stub-1,1.0,1.0
1,W1,AC,Quiet,25,3.8,74.4,71.2,63.7,35.8,57.9,0,stub-1,1.0,1.0
1,W2,AC,Quiet,25,3.8,54.1,78.2,64.2,34.1,54.7,0,stub-1,1.0,1.0
1,W3,AC,Quiet,25,3.8,78.0,10.7,70.0,37.4,56.4,0,stub-1,1.0,1.0
1,W4,AC,Quiet,25,3.8,31.4,8.9,55.3,25.9,55.7,0,stub-1,1.0,1.0
1,W5,AC,Quiet,25,3.8,53.9,27.8,60.3,31.0,54.9,0,stub-1,1.0,1.0
1,W6,AC,Quiet,25,3.8,37.1,75.3,58.5,25.4,54.9,0,stub-1,1.0,1.0
1,W7,AC,Quiet,25,3.8,85.1,71.9,73.1,40.3,58.2,0,stub-1,1.0,1.0
1,W0,DC,Quiet,25,3.8,92.6,49.7,66.6,40.7,56.6,0,stub-1,1.0,1.0
1,W1,DC,Quiet,25,3.8,70.4,12.1,66.1,32.1,54.6,0,stub-1,1.0,1.0
1,W2,DC,Quiet,25,3.8,54.1,33.9,65.7,32.4,55.6,0,stub-1,1.0,1.0
1,W3,DC,Quiet,25,3.8,67.1,36.6,69.5,38.2,59.2,0,stub-1,1.0,1.0
1,W4,DC,Quiet,25,3.8,36.7,94.8,55.3,32.2,56.8,0,stub-1,1.0,1.0
1,W5,DC,Quiet,25,3.8,37.7,77.1,56.5,24.8,50.3,0,stub-1,1.0,1.0
1,W6,DC,Quiet,25,3.8,17.9,59.7,51.1,21.4,54.9,0,stub-1,1.0,1.0
1,W7,DC,Quiet,25,3.8,38.0,39.5,59.1,24.5,52.7,0,stub-1,1.0,1.0
1,W0,AC,Balance,40,4.8,66.1,90.4,73.9,47.0,59.8,0,stub-1,1.0,1.0
1,W1,AC,Balance,40,4.8,40.8,63.5,68.2,38.2,59.1,0,stub-1,1.0,1.0
1,W2,AC,Balance,40,4.8,71.2,49.9,76.0,47.5,61.5,0,stub-1,1.0,1.0
1,W3,AC,Balance,40,4.8,94.7,30.7,88.3,53.7,62.9,0,stub-1,1.0,1.0
1,W4,AC,Balance,40,4.8,16.0,81.8,56.3,33.3,56.0,0,stub-1,1.0,1.0
1,W5,AC,Balance,40,4.8,81.1,33.8,82.4,47.9,62.2,0,stub-1,1.0,1.0
1,W6,AC,Balance,40,4.8,53.8,85.2,76.6,38.9,60.5,0,stub-1,1.0,1.0
1,W7,AC,Balance,40,4.8,76.4,50.8,78.6,48.1,62.5,0,stub-1,1.0,1.0
1,W0,AC,Balance,40,4.8,17.5,76.1,66.6,32.8,54.6,0,stub-1,1.0,1.0
1,W1,AC,Balance,40,4.8,54.6,60.1,78.0,43.1,60.8,0,stub-1,1.0,1.0
1,W2,AC,Balance,40,4.8,95.0,69.7,81.0,51.2,63.2,0,stub-1,1.0,1.0
1,W3,AC,Balance,40,4.8,62.8,45.5,75.4,42.9,58.8,0,stub-1,1.0,1.0
1,W4,AC,Balance,40,4.8,84.0,75.2,81.6,48.0,63.4,0,stub-1,1.0,1.0
1,W5,AC,Balance,40,4.8,10.0,16.2,59.9,31.2,56.7,0,stub-1,1.0,1.0
1,W6,AC,Balance,40,4.8,34.0,68.8,63.8,40.4,61.4,0,stub-1,1.0,1.0
1,W7,AC,Balance,40,4.8,27.6,62.2,62.3,33.9,56.6,0,stub-1,1.0,1.0
1,W0,AC,Balance,40,4.8,32.3,53.0,65.5,36.0,58.4,0,stub-1,1.0,1.0
1,W1,AC,Balance,40,4.8,64.3,69.9,76.3,41.0,57.6,0,stub-1,1.0,1.0
1,W2,AC,Balance,40,4.8,55.7,79.3,75.2,42.0,58.5,0,stub-1,1.0,1.0
1,W3,AC,Balance,40,4.8,74.0,42.5,76.8,45.0,59.4,0,stub-1,1.0,1.0
1,W4,AC,Balance,40,4.8,61.4,31.1,79.4,42.7,60.7,0,stub-1,1.0,1.0
1,W5,AC,Balance,40,4.8,11.6,10.4,56.8,28.8,55.7,0,stub-1,1.0,1.0
1,W6,AC,Balance,40,4.8,23.4,59.6,62.8,36.8,57.6,0,stub-1,1.0,1.0
1,W7,AC,Balance,40,4.8,92.8,16.8,79.5,49.4,63.7,0,stub-1,1.0,1.0
1,W0,DC,Balance,40,4.8,33.7,47.0,67.5,37.9,59.3,0,stub-1,1.0,1.0
1,W1,DC,Balance,40,4.8,39.6,60.4,70.9,37.9,61.3,0,stub-1,1.0,1.0
1,W2,DC,Balance,40,4.8,19.4,34.5,61.1,32.0,56.4,0,stub-1,1.0,1.0
1,W3,DC,Balance,40,4.8,49.9,32.8,69.1,45.2,61.4,0,stub-1,1.0,1.0
1,W4,DC,Balance,40,4.8,50.5,92.0,73.4,42.4,61.5,0,stub-1,1.0,1.0
1,W5,DC,Balance,40,4.8,63.9,47.4,77.9,40.2,58.4,0,stub-1,1.0,1.0
1,W6,DC,Balance,40,4.8,43.8,84.4,70.0,35.6,56.4,0,stub-1,1.0,1.0
1,W7,DC,Balance,40,4.8,56.3,22.5,76.8,41.3,59.3,0,stub-1,1.0,1.0
1,W0,AC,Beast,65,5.0,50.4,73.8,73.4,64.0,67.1,0,stub-1,1.0,1.0
1,W1,AC,Beast,65,5.0,92.8,40.5,86.5,69.2,67.9,0,stub-1,1.0,1.0
1,W2,AC,Beast,65,5.0,89.5,72.9,88.0,70.1,69.1,0,stub-1,1.0,1.0
1,W3,AC,Beast,65,5.0,35.0,47.6,70.5,51.6,63.6,0,stub-1,1.0,1.0
1,W4,AC,Beast,65,5.0,51.4,34.5,74.1,57.6,67.6,0,stub-1,1.0,1.0
1,W5,AC,Beast,65,5.0,35.3,79.5,70.3,51.2,62.5,0,stub-1,1.0,1.0
1,W6,AC,Beast,65,5.0,32.0,78.4,66.6,55.7,66.5,0,stub-1,1.0,1.0
1,W7,AC,Beast,65,5.0,76.7,70.3,82.5,64.5,67.3,0,stub-1,1.0,1.0
1,W0,AC,Beast,65,5.0,47.7,92.0,75.4,54.0,61.8,0,stub-1,1.0,1.0
1,W1,AC,Beast,65,5.0,57.5,20.3,75.0,58.0,63.8,0,stub-1,1.0,1.0
1,W2,AC,Beast,65,5.0,80.7,18.3,83.9,65.2,68.5,1,stub-1,1.0,1.0
1,W3,AC,Beast,65,5.0,33.2,18.6,69.5,53.1,62.1,0,stub-1,1.0,1.0
1,W4,AC,Beast,65,5.0,74.7,87.8,85.8,61.8,67.4,0,stub-1,1.0,1.0
1,W5,AC,Beast,65,5.0,34.3,64.6,70.9,52.4,63.1,0,stub-1,1.0,1.0
1,W6,AC,Beast,65,5.0,20.6,87.1,64.6,52.2,63.6,0,stub-1,1.0,1.0
1,W7,AC,Beast,65,5.0,62.9,67.4,74.1,60.2,65.5,0,stub-1,1.0,1.0
1,W0,AC,Beast,65,5.0,27.2,55.2,69.4,57.6,64.8,0,stub-1,1.0,1.0
1,W1,AC,Beast,65,5.0,23.7,68.4,69.5,50.7,64.0,0,stub-1,1.0,1.0
1,W2,AC,Beast,65,5.0,89.0,76.6,86.5,68.8,68.4,0,stub-1,1.0,1.0
1,W3,AC,Beast,65,5.0,78.7,90.9,81.0,65.7,66.8,0,stub-1,1.0,1.0
1,W4,AC,Beast,65,5.0,30.9,69.3,67.4,55.0,64.2,0,stub-1,1.0,1.0
1,W5,AC,Beast,65,5.0,53.5,89.0,79.5,58.5,64.7,0,stub-1,1.0,1.0
1,W6,AC,Beast,65,5.0,60.4,57.8,78.3,63.6,65.2,0,stub-1,1.0,1.0
1,W7,AC,Beast,65,5.0,9.7,42.2,62.1,47.7,61.0,0,stub-1,1.0,1.0
1,W0,DC,Beast,65,5.0,74.4,5.5,75.8,62.7,64.0,0,stub-1,1.0,1.0
1,W1,DC,Beast,65,5.0,84.1,48.0,89.1,68.1,72.5,0,stub-1,1.0,1.0
1,W2,DC,Beast,65,5.0,33.9,63.1,71.3,53.5,62.1,0,stub-1,1.0,1.0
1,W3,DC,Beast,65,5.0,89.3,87.2,85.1,69.7,72.2,0,stub-1,1.0,1.0
1,W4,DC,Beast,65,5.0,20.8,87.8,69.3,50.7,59.2,0,stub-1,1.0,1.0
1,W5,DC,Beast,65,5.0,88.3,83.9,86.7,70.2,69.7,0,stub-1,1.0,1.0
1,W6,DC,Beast,65,5.0,14.7,93.5,62.5,55.0,62.6,0,stub-1,1.0,1.0
1,W7,DC,Beast,65,5.0,89.5,81.6,85.9,66.6,68.5,0,stub-1,1.0,1.0
1,W0,AC,Extreme,65,5.2,15.1,19.6,64.7,49.7,63.3,0,stub-1,1.0,1.0
1,W1,AC,Extreme,65,5.2,76.2,56.1,89.8,64.6,66.7,0,stub-1,1.0,1.0
1,W2,AC,Extreme,65,5.2,82.1,85.7,88.7,63.9,69.3,0,stub-1,1.0,1.0
1,W3,AC,Extreme,65,5.2,17.7,34.1,70.0,49.9,63.6,0,stub-1,1.0,1.0
1,W4,AC,Extreme,65,5.2,26.2,72.8,72.7,51.6,63.0,0,stub-1,1.0,1.0
1,W5,AC,Extreme,65,5.2,67.3,10.6,82.2,63.6,68.1,0,stub-1,1.0,1.0
1,W6,AC,Extreme,65,5.2,41.5,50.2,78.5,54.0,63.6,0,stub-1,1.0,1.0
1,W7,AC,Extreme,65,5.2,87.5,31.6,90.0,66.3,67.5,0,stub-1,1.0,1.0
1,W0,AC,Extreme,65,5.2,17.0,18.8,67.4,47.0,59.8,0,stub-1,1.0,1.0
1,W1,AC,Extreme,65,5.2,47.4,53.4,78.5,56.6,63.9,0,stub-1,1.0,1.0
1,W2,AC,Extreme,65,5.2,27.3,72.9,71.4,51.7,60.9,1,stub-1,1.0,1.0
1,W3,AC,Extreme,65,5.2,55.8,10.6,80.7,57.2,64.5,0,stub-1,1.0,1.0
1,W4,AC,Extreme,65,5.2,56.5,18.5,77.6,61.8,67.4,0,stub-1,1.0,1.0
1,W5,AC,Extreme,65,5.2,13.2,50.9,67.7,49.6,60.8,0,stub-1,1.0,1.0
1,W6,AC,Extreme,65,5.2,51.2,46.1,80.9,59.1,66.5,0,stub-1,1.0,1.0
1,W7,AC,Extreme,65,5.2,40.6,78.5,70.1,55.6,62.5,0,stub-1,1.0,1.0
1,W0,AC,Extreme,65,5.2,9.1,36.0,74.0,50.3,63.1,0,stub-1,1.0,1.0
1,W1,AC,Extreme,65,5.2,89.0,7.9,88.7,64.9,69.1,0,stub-1,1.0,1.0
1,W2,AC,Extreme,65,5.2,73.9,93.0,82.7,62.3,68.3,0,stub-1,1.0,1.0
1,W3,AC,Extreme,65,5.2,86.6,38.8,88.3,65.9,66.1,0,stub-1,1.0,1.0
1,W4,AC,Extreme,65,5.2,53.5,63.8,77.4,59.9,64.2,0,stub-1,1.0,1.0
1,W5,AC,Extreme,65,5.2,25.0,5.3,69.1,53.4,63.9,0,stub-1,1.0,1.0
1,W6,AC,Extreme,65,5.2,65.6,54.0,76.6,61.2,66.4,0,stub-1,1.0,1.0
1,W7,AC,Extreme,65,5.2,29.8,89.4,74.1,52.8,62.8,0,stub-1,1.0,1.0
1,W0,DC,Extreme,65,5.2,77.9,42.7,86.4,60.8,67.3,0,stub-1,1.0,1.0
1,W1,DC,Extreme,65,5.2,14.1,8.0,66.8,46.5,59.9,0,stub-1,1.0,1.0
1,W2,DC,Extreme,65,5.2,9.4,71.6,63.4,48.7,62.7,1,stub-1,1.0,1.0
1,W3,DC,Extreme,65,5.2,50.4,31.0,83.4,59.4,63.6,0,stub-1,1.0,1.0
1,W4,DC,Extreme,65,5.2,33.7,58.8,71.3,52.4,63.1,0,stub-1,1.0,1.0
1,W5,DC,Extreme,65,5.2,24.9,32.0,71.4,56.2,66.1,0,stub-1,1.0,1.0
1,W6,DC,Extreme,65,5.2,84.2,87.0,85.4,65.0,63.7,0,stub-1,1.0,1.0
1,W7,DC,Extreme,65,5.2,89.7,65.4,89.5,68.3,67.6,0,stub-1,1.0,1.0
1,W0,AC,Quiet,25,3.8,42.5,18.4,54.8,30.5,52.8,0,stub-1,1.0,1.0
1,W1,AC,Quiet,25,3.8,32.1,68.7,56.2,27.0,51.3,0,stub-1,1.0,1.0
1,W2,AC,Quiet,25,3.8,55.6,92.1,60.8,31.0,55.9,0,stub-1,1.0,1.0
1,W3,AC,Quiet,25,3.8,88.0,81.2,74.0,42.2,61.1,0,stub-1,1.0,1.0
1,W4,AC,Quiet,25,3.8,22.1,29.2,50.4,20.6,52.9,0,stub-1,1.0,1.0
1,W5,AC,Quiet,25,3.8,70.2,55.3,65.3,31.0,56.3,0,stub-1,1.0,1.0
1,W6,AC,Quiet,25,3.8,35.0,91.1,63.1,26.7,55.1,0,stub-1,1.0,1.0
1,W7,AC,Quiet,25,3.8,95.0,48.1,73.7,41.4,61.5,0,stub-1,1.0,1.0
1,W0,AC,Quiet,25,3.8,23.4,87.4,47.7,22.2,51.4,0,stub-1,1.0,1.0
1,W1,AC,Quiet,25,3.8,37.3,28.5,59.3,24.5,53.4,0,stub-1,1.0,1.0
1,W2,AC,Quiet,25,3.8,13.9,93.3,44.1,21.7,53.8,0,stub-1,1.0,1.0
1,W3,AC,Quiet,25,3.8,55.6,24.9,60.8,32.4,57.2,0,stub-1,1.0,1.0
1,W4,AC,Quiet,25,3.8,89.1,57.1,70.8,40.4,58.4,0,stub-1,1.0,1.0
1,W5,AC,Quiet,25,3.8,49.9,63.9,63.2,29.4,54.2,0,stub-1,1.0,1.0
1,W6,AC,Quiet,25,3.8,78.9,92.0,67.1,35.4,58.7,0,stub-1,1.0,1.0
1,W7,AC,Quiet,25,3.8,20.2,69.8,56.3,18.1,51.6,0,stub-1,1.0,1.0
1,W0,AC,Quiet,25,3.8,53.8,62.8,62.5,31.1,58.0,0,stub-1,1.0,1.0
1,W1,AC,Quiet,25,3.8,65.1,73.8,59.2,30.5,57.2,0,stub-1,1.0,1.0
1,W2,AC,Quiet,25,3.8,25.8,68.6,56.9,24.1,52.0,0,stub-1,1.0,1.0
1,W3,AC,Quiet,25,3.8,60.5,48.5,66.7,32.4,56.4,0,stub-1,1.0,1.0
1,W4,AC,Quiet,25,3.8,54.6,6.1,59.6,30.9,56.1,0,stub-1,1.0,1.0
1,W5,AC,Quiet,25,3.8,65.7,77.6,65.2,34.7,56.8,0,stub-1,1.0,1.0
1,W6,AC,Quiet,25,3.8,13.7,18.4,51.0,23.2,53.6,0,stub-1,1.0,1.0
1,W7,AC,Quiet,25,3.8,40.7,38.6,55.6,25.5,55.0,0,stub-1,1.0,1.0
1,W0,DC,Quiet,25,3.8,94.1,25.3,71.5,37.5,56.4,0,stub-1,1.0,1.0
1,W1,DC,Quiet,25,3.8,73.4,13.4,62.7,34.0,58.2,0,stub-1,1.0,1.0
1,W2,DC,Quiet,25,3.8,10.1,5.9,50.3,22.1,50.3,0,stub-1,1.0,1.0
1,W3,DC,Quiet,25,3.8,82.2,13.6,72.4,37.5,58.0,0,stub-1,1.0,1.0
1,W4,DC,Quiet,25,3.8,24.0,83.1,55.4,22.0,53.3,0,stub-1,1.0,1.0
1,W5,DC,Quiet,25,3.8,85.9,55.7,71.7,43.5,60.9,0,stub-1,1.0,1.0
1,W6,DC,Quiet,25,3.8,33.3,91.5,51.3,24.1,53.1,0,stub-1,1.0,1.0
1,W7,DC,Quiet,25,3.8,11.9,19.6,46.2,20.7,55.1,0,stub-1,1.0,1.0
1,W0,AC,Balance,40,4.8,40.0,85.7,67.1,40.9,62.2,0,stub-1,1.0,1.0
1,W1,AC,Balance,40,4.8,70.2,50.1,85.6,46.2,61.1,0,stub-1,1.0,1.0
1,W2,AC,Balance,40,4.8,44.3,80.5,68.1,42.0,61.1,0,stub-1,1.0,1.0
1,W3,AC,Balance,40,4.8,7.7,29.6,59.1,32.2,56.2,0,stub-1,1.0,1.0
1,W4,AC,Balance,40,4.8,37.0,89.7,64.6,38.5,58.1,0,stub-1,1.0,1.0
1,W5,AC,Balance,40,4.8,76.8,69.2,79.6,48.2,62.3,0,stub-1,1.0,1.0
1,W6,AC,Balance,40,4.8,69.1,62.1,78.1,43.5,60.4,0,stub-1,1.0,1.0
1,W7,AC,Balance,40,4.8,32.7,37.4,67.6,36.1,58.4,0,stub-1,1.0,1.0
1,W0,AC,Balance,40,4.8,21.9,45.4,61.3,32.8,57.9,0,stub-1,1.0,1.0
1,W1,AC,Balance,40,4.8,13.4,58.8,62.1,30.5,57.0,0,stub-1,1.0,1.0
1,W2,AC,Balance,40,4.8,31.3,39.9,72.5,38.0,61.7,0,stub-1,1.0,1.0
1,W3,AC,Balance,40,4.8,20.3,39.3,59.0,34.2,57.9,0,stub-1,1.0,1.0
1,W4,AC,Balance,40,4.8,49.4,10.7,69.5,41.2,58.8,0,stub-1,1.0,1.0
1,W5,AC,Balance,40,4.8,27.2,61.3,65.9,33.7,56.2,0,stub-1,1.0,1.0
1,W6,AC,Balance,40,4.8,14.6,32.4,64.5,31.1,53.9,0,stub-1,1.0,1.0
1,W7,AC,Balance,40,4.8,34.7,35.1,64.3,38.2,55.7,0,stub-1,1.0,1.0
1,W0,AC,Balance,40,4.8,92.7,17.3,82.3,55.6,64.8,0,stub-1,1.0,1.0
1,W1,AC,Balance,40,4.8,91.8,92.2,87.6,50.2,64.8,0,stub-1,1.0,1.0
1,W2,AC,Balance,40,4.8,49.2,56.8,72.5,42.2,60.4,0,stub-1,1.0,1.0
1,W3,AC,Balance,40,4.8,55.7,58.3,71.6,39.0,58.0,0,stub-1,1.0,1.0
1,W4,AC,Balance,40,4.8,54.5,90.8,69.4,42.4,58.7,0,stub-1,1.0,1.0
1,W5,AC,Balance,40,4.8,78.7,76.6,82.2,45.7,61.9,0,stub-1,1.0,1.0
1,W6,AC,Balance,40,4.8,62.0,26.8,73.6,40.8,59.4,0,stub-1,1.0,1.0
1,W7,AC,Balance,40,4.8,94.2,48.1,84.7,49.6,63.4,0,stub-1,1.0,1.0
1,W0,DC,Balance,40,4.8,87.8,67.3,78.8,49.0,60.1,0,stub-1,1.0,1.0
1,W1,DC,Balance,40,4.8,53.3,62.4,78.5,44.3,61.8,0,stub-1,1.0,1.0
1,W2,DC,Balance,40,4.8,64.2,37.0,76.3,43.6,62.5,0,stub-1,1.0,1.0
1,W3,DC,Balance,40,4.8,72.7,91.9,79.0,45.9,61.2,0,stub-1,1.0,1.0
1,W4,DC,Balance,40,4.8,28.3,51.0,62.2,34.8,55.7,0,stub-1,1.0,1.0
1,W5,DC,Balance,40,4.8,74.5,58.0,78.5,44.8,60.7,0,stub-1,1.0,1.0
1,W6,DC,Balance,40,4.8,7.2,14.4,53.1,32.4,59.0,0,stub-1,1.0,1.0
1,W7,DC,Balance,40,4.8,17.8,33.1,67.7,31.1,56.2,0,stub-1,1.0,1.0
1,W0,AC,Beast,65,5.0,48.5,47.9,70.2,58.8,65.0,0,stub-1,1.0,1.0
1,W1,AC,Beast,65,5.0,77.9,15.4,85.7,66.7,66.6,0,stub-1,1.0,1.0
1,W2,AC,Beast,65,5.0,65.9,19.8,82.0,61.8,67.0,0,stub-1,1.0,1.0
1,W3,AC,Beast,65,5.0,91.3,25.9,89.0,67.3,69.1,0,stub-1,1.0,1.0
1,W4,AC,Beast,65,5.0,62.6,43.9,82.9,61.7,67.2,0,stub-1,1.0,1.0
1,W5,AC,Beast,65,5.0,68.4,23.5,84.3,62.7,64.2,0,stub-1,1.0,1.0
1,W6,AC,Beast,65,5.0,10.6,14.2,64.5,47.2,60.8,0,stub-1,1.0,1.0
1,W7,AC,Beast,65,5.0,28.6,82.6,71.5,49.8,62.1,0,stub-1,1.0,1.0
1,W0,AC,Beast,65,5.0,58.7,60.0,75.2,59.2,66.9,0,stub-1,1.0,1.0
1,W1,AC,Beast,65,5.0,78.2,68.5,80.0,64.2,69.5,0,stub-1,1.0,1.0
1,W2,AC,Beast,65,5.0,12.6,17.1,65.7,49.8,63.4,0,stub-1,1.0,1.0
1,W3,AC,Beast,65,5.0,42.6,17.4,77.0,55.2,65.0,0,stub-1,1.0,1.0
1,W4,AC,Beast,65,5.0,62.2,67.4,70.8,54.3,62.4,0,stub-1,1.0,1.0
1,W5,AC,Beast,65,5.0,33.3,45.6,68.8,55.6,64.9,0,stub-1,1.0,1.0
1,W6,AC,Beast,65,5.0,5.9,17.3,64.8,42.2,58.0,0,stub-1,1.0,1.0
1,W7,AC,Beast,65,5.0,66.6,42.4,79.9,63.4,65.7,0,stub-1,1.0,1.0
1,W0,AC,Beast,65,5.0,12.4,7.8,63.9,47.0,61.1,0,stub-1,1.0,1.0
1,W1,AC,Beast,65,5.0,20.1,46.2,69.7,50.4,60.1,0,stub-1,1.0,1.0
1,W2,AC,Beast,65,5.0,54.5,15.2,80.2,61.4,67.1,0,stub-1,1.0,1.0
1,W3,AC,Beast,65,5.0,8.7,69.7,60.1,41.9,58.4,0,stub-1,1.0,1.0
1,W4,AC,Beast,65,5.0,14.2,79.7,64.3,47.4,63.2,0,stub-1,1.0,1.0
1,W5,AC,Beast,65,5.0,78.5,44.5,83.5,68.6,68.9,0,stub-1,1.0,1.0
1,W6,AC,Beast,65,5.0,26.3,78.0,65.5,51.1,62.4,0,stub-1,1.0,1.0
1,W7,AC,Beast,65,5.0,19.9,17.5,61.9,50.9,63.8,0,stub-1,1.0,1.0
1,W0,DC,Beast,65,5.0,10.3,36.6,62.4,50.5,61.6,0,stub-1,1.0,1.0
1,W1,DC,Beast,65,5.0,31.0,29.1,73.5,56.9,61.5,0,stub-1,1.0,1.0
1,W2,DC,Beast,65,5.0,66.1,13.6,85.0,61.2,70.5,0,stub-1,1.0,1.0
1,W3,DC,Beast,65,5.0,16.4,82.9,60.3,49.6,64.7,0,stub-1,1.0,1.0
1,W4,DC,Beast,65,5.0,79.6,73.5,82.3,63.3,66.1,0,stub-1,1.0,1.0
1,W5,DC,Beast,65,5.0,45.7,62.0,72.6,57.6,64.7,0,stub-1,1.0,1.0
1,W6,DC,Beast,65,5.0,51.4,30.0,78.1,57.6,66.4,0,stub-1,1.0,1.0
1,W7,DC,Beast,65,5.0,5.2,74.7,60.7,46.5,58.8,0,stub-1,1.0,1.0
1,W0,AC,Extreme,65,5.2,46.3,64.8,75.6,57.6,64.1,0,stub-1,1.0,1.0
1,W1,AC,Extreme,65,5.2,43.7,24.1,75.0,56.0,67.4,0,stub-1,1.0,1.0
1,W2,AC,Extreme,65,5.2,35.4,57.0,69.9,53.4,62.4,1,stub-1,1.0,1.0
1,W3,AC,Extreme,65,5.2,14.0,75.6,70.4,48.0,62.0,0,stub-1,1.0,1.0
1,W4,AC,Extreme,65,5.2,82.2,44.7,94.6,66.1,68.8,0,stub-1,1.0,1.0
1,W5,AC,Extreme,65,5.2,63.5,19.3,85.8,62.8,66.5,0,stub-1,1.0,1.0
1,W6,AC,Extreme,65,5.2,63.9,27.5,77.1,64.6,68.4,0,stub-1,1.0,1.0
1,W7,AC,Extreme,65,5.2,32.5,67.9,74.7,53.9,66.0,0,stub-1,1.0,1.0
1,W0,AC,Extreme,65,5.2,68.3,5.1,81.3,62.7,67.3,0,stub-1,1.0,1.0
1,W1,AC,Extreme,65,5.2,5.8,67.6,68.6,49.4,58.2,0,stub-1,1.0,1.0
1,W2,AC,Extreme,65,5.2,43.0,16.9,78.0,57.1,64.9,0,stub-1,1.0,1.0
1,W3,AC,Extreme,65,5.2,84.3,17.3,86.3,67.1,66.0,0,stub-1,1.0,1.0
1,W4,AC,Extreme,65,5.2,17.0,94.4,69.8,51.7,65.3,0,stub-1,1.0,1.0
1,W5,AC,Extreme,65,5.2,70.0,61.5,83.6,64.2,68.7,0,stub-1,1.0,1.0
1,W6,AC,Extreme,65,5.2,66.8,82.4,83.6,62.7,67.0,0,stub-1,1.0,1.0
1,W7,AC,Extreme,65,5.2,39.6,91.7,70.3,55.0,65.0,0,stub-1,1.0,1.0
1,W0,AC,Extreme,65,5.2,29.9,12.6,67.5,52.1,61.2,0,stub-1,1.0,1.0
1,W1,AC,Extreme,65,5.2,67.1,81.3,79.3,61.4,65.4,0,stub-1,1.0,1.0
1,W2,AC,Extreme,65,5.2,51.6,50.9,77.8,56.7,67.9,0,stub-1,1.0,1.0
1,W3,AC,Extreme,65,5.2,49.5,15.1,79.4,55.2,64.3,0,stub-1,1.0,1.0
1,W4,AC,Extreme,65,5.2,52.5,93.0,85.1,58.3,67.4,0,stub-1,1.0,1.0
1,W5,AC,Extreme,65,5.2,37.9,66.5,78.2,55.4,60.7,0,stub-1,1.0,1.0
1,W6,AC,Extreme,65,5.2,74.3,6.5,86.8,64.7,68.2,0,stub-1,1.0,1.0
1,W7,AC,Extreme,65,5.2,76.0,50.6,85.5,62.9,65.7,0,stub-1,1.0,1.0
1,W0,DC,Extreme,65,5.2,42.4,68.2,78.3,57.3,64.2,0,stub-1,1.0,1.0
1,W1,DC,Extreme,65,5.2,32.9,51.0,70.7,54.8,66.8,0,stub-1,1.0,1.0
1,W2,DC,Extreme,65,5.2,53.3,40.2,74.6,56.0,64.4,0,stub-1,1.0,1.0
1,W3,DC,Extreme,65,5.2,70.7,81.2,82.6,64.0,67.6,0,stub-1,1.0,1.0
1,W4,DC,Extreme,65,5.2,44.1,45.8,73.6,55.4,64.3,0,stub-1,1.0,1.0
1,W5,DC,Extreme,65,5.2,68.7,68.1,78.1,65.2,71.0,0,stub-1,1.0,1.0
1,W6,DC,Extreme,65,5.2,52.1,75.5,77.7,57.3,66.9,0,stub-1,1.0,1.0
1,W7,DC,Extreme,65,5.2,29.2,84.8,74.9,52.9,63.1,0,stub-1,1.0,1.0
1,W0,AC,Quiet,25,3.8,77.6,29.5,73.3,38.1,57.8,0,stub-1,1.0,1.0
1,W1,AC,Quiet,25,3.8,46.0,37.4,58.8,26.4,54.2,0,stub-1,1.0,1.0
1,W2,AC,Quiet,25,3.8,38.1,28.0,60.2,28.6,54.8,0,stub-1,1.0,1.0
1,W3,AC,Quiet,25,3.8,9.0,82.7,46.2,19.8,53.6,0,stub-1,1.0,1.0
1,W4,AC,Quiet,25,3.8,39.5,18.5,62.8,25.7,50.9,0,stub-1,1.0,1.0
1,W5,AC,Quiet,25,3.8,42.7,34.0,56.3,25.4,55.1,0,stub-1,1.0,1.0
1,W6,AC,Quiet,25,3.8,29.4,12.0,52.0,26.5,55.1,0,stub-1,1.0,1.0
1,W7,AC,Quiet,25,3.8,77.4,93.3,67.7,37.6,58.0,0,stub-1,1.0,1.0
1,W0,AC,Quiet,25,3.8,46.9,30.4,61.2,27.7,54.5,0,stub-1,1.0,1.0
1,W1,AC,Quiet,25,3.8,23.1,55.7,52.4,22.3,54.8,0,stub-1,1.0,1.0
1,W2,AC,Quiet,25,3.8,46.8,58.3,54.5,29.3,56.3,0,stub-1,1.0,1.0
1,W3,AC,Quiet,25,3.8,27.1,5.6,59.8,23.0,53.6,0,stub-1,1.0,1.0
1,W4,AC,Quiet,25,3.8,36.2,80.6,61.7,23.1,55.3,0,stub-1,1.0,1.0
1,W5,AC,Quiet,25,3.8,70.4,14.4,66.8,33.7,56.6,0,stub-1,1.0,1.0
1,W6,AC,Quiet,25,3.8,49.3,10.4,65.1,29.8,58.2,0,stub-1,1.0,1.0
1,W7,AC,Quiet,25,3.8,85.8,51.8,75.1,38.4,57.0,0,stub-1,1.0,1.0
1,W0,AC,Quiet,25,3.8,92.7,12.6,74.7,41.3,59.7,0,stub-1,1.0,1.0
1,W1,AC,Quiet,25,3.8,56.1,44.1,61.4,33.0,56.3,0,stub-1,1.0,1.0
1,W2,AC,Quiet,25,3.8,28.5,33.4,55.6,21.7,52.5,0,stub-1,1.0,1.0
1,W3,AC,Quiet,25,3.8,11.7,23.2,46.5,20.9,50.4,0,stub-1,1.0,1.0
1,W4,AC,Quiet,25,3.8,19.0,19.8,48.3,22.7,49.2,0,stub-1,1.0,1.0
1,W5,AC,Quiet,25,3.8,32.7,28.9,53.7,26.5,54.9,0,stub-1,1.0,1.0
1,W6,AC,Quiet,25,3.8,66.7,79.4,65.3,33.6,57.5,0,stub-1,1.0,1.0
1,W7,AC,Quiet,25,3.8,13.2,27.3,47.3,19.3,53.2,0,stub-1,1.0,1.0
1,W0,DC,Quiet,25,3.8,65.9,28.4,66.1,34.0,55.5,0,stub-1,1.0,1.0
1,W1,DC,Quiet,25,3.8,72.3,27.5,69.2,32.1,56.9,0,stub-1,1.0,1.0
1,W2,DC,Quiet,25,3.8,17.6,6.1,55.0,16.9,52.8,0,stub-1,1.0,1.0
1,W3,DC,Quiet,25,3.8,61.7,63.0,68.2,31.6,55.5,0,stub-1,1.0,1.0
1,W4,DC,Quiet,25,3.8,78.1,7.0,75.0,38.7,57.8,0,stub-1,1.0,1.0
1,W5,DC,Quiet,25,3.8,79.6,34.8,70.0,39.6,59.3,0,stub-1,1.0,1.0
1,W6,DC,Quiet,25,3.8,20.1,56.6,52.9,20.7,54.5,0,stub-1,1.0,1.0
1,W7,DC,Quiet,25,3.8,20.6,24.3,52.6,23.3,54.3,0,stub-1,1.0,1.0
1,W0,AC,Balance,40,4.8,84.5,8.1,81.3,48.1,61.4,0,stub-1,1.0,1.0
1,W1,AC,Balance,40,4.8,54.6,10.5,76.9,41.4,60.3,0,stub-1,1.0,1.0
1,W2,AC,Balance,40,4.8,23.0,84.6,60.3,33.3,57.5,0,stub-1,1.0,1.0
1,W3,AC,Balance,40,4.8,75.4,37.3,75.2,44.6,60.1,0,stub-1,1.0,1.0
1,W4,AC,Balance,40,4.8,87.1,50.2,82.3,50.6,62.3,0,stub-1,1.0,1.0
1,W5,AC,Balance,40,4.8,75.1,10.3,82.0,49.2,62.1,0,stub-1,1.0,1.0
1,W6,AC,Balance,40,4.8,74.0,95.0,81.2,46.4,60.6,0,stub-1,1.0,1.0
1,W7,AC,Balance,40,4.8,78.5,87.6,79.2,53.9,65.6,0,stub-1,1.0,1.0
1,W0,AC,Balance,40,4.8,24.7,81.2,65.8,32.4,57.9,0,stub-1,1.0,1.0
1,W1,AC,Balance,40,4.8,20.8,58.3,58.9,34.3,54.8,0,stub-1,1.0,1.0
1,W2,AC,Balance,40,4.8,87.3,7.5,81.6,45.2,59.0,0,stub-1,1.0,1.0
1,W3,AC,Balance,40,4.8,93.9,84.3,84.3,49.8,62.5,0,stub-1,1.0,1.0
1,W4,AC,Balance,40,4.8,49.1,13.1,72.6,41.7,59.5,0,stub-1,1.0,1.0
1,W5,AC,Balance,40,4.8,23.1,16.7,64.5,32.9,53.2,0,stub-1,1.0,1.0
1,W6,AC,Balance,40,4.8,81.0,34.1,85.8,48.6,64.3,0,stub-1,1.0,1.0
1,W7,AC,Balance,40,4.8,81.2,82.5,79.4,50.2,62.2,0,stub-1,1.0,1.0
1,W0,AC,Balance,40,4.8,89.8,40.6,86.6,51.4,63.6,0,stub-1,1.0,1.0
1,W1,AC,Balance,40,4.8,90.4,76.3,86.0,53.4,63.2,0,stub-1,1.0,1.0
1,W2,AC,Balance,40,4.8,20.7,92.2,61.4,28.9,55.3,0,stub-1,1.0,1.0
1,W3,AC,Balance,40,4.8,20.8,32.6,61.8,32.8,55.8,0,stub-1,1.0,1.0
1,W4,AC,Balance,40,4.8,70.6,90.4,81.6,45.0,64.6,1,stub-1,1.0,1.0
1,W5,AC,Balance,40,4.8,59.2,87.9,75.1,44.2,60.3,0,stub-1,1.0,1.0
1,W6,AC,Balance,40,4.8,55.9,89.3,77.5,44.5,60.9,0,stub-1,1.0,1.0
1,W7,AC,Balance,40,4.8,20.1,84.7,72.1,35.7,58.7,0,stub-1,1.0,1.0
1,W0,DC,Balance,40,4.8,62.5,84.8,74.1,44.1,60.5,0,stub-1,1.0,1.0
1,W1,DC,Balance,40,4.8,28.1,14.7,67.2,37.0,58.0,0,stub-1,1.0,1.0
1,W2,DC,Balance,40,4.8,70.9,92.2,81.5,44.2,59.1,0,stub-1,1.0,1.0
1,W3,DC,Balance,40,4.8,48.2,82.8,74.6,38.3,56.5,0,stub-1,1.0,1.0
1,W4,DC,Balance,40,4.8,19.6,11.6,64.9,31.5,54.5,1,stub-1,1.0,1.0
1,W5,DC,Balance,40,4.8,20.3,38.8,70.4,32.8,54.6,0,stub-1,1.0,1.0
1,W6,DC,Balance,40,4.8,85.8,13.4,79.9,47.9,61.4,0,stub-1,1.0,1.0
1,W7,DC,Balance,40,4.8,89.8,19.8,84.6,51.4,62.4,0,stub-1,1.0,1.0
1,W0,AC,Beast,65,5.0,14.1,23.5,65.9,51.9,62.7,0,stub-1,1.0,1.0
1,W1,AC,Beast,65,5.0,28.9,30.3,63.9,52.8,63.9,0,stub-1,1.0,1.0
1,W2,AC,Beast,65,5.0,56.5,80.6,78.6,61.2,65.3,0,stub-1,1.0,1.0
1,W3,AC,Beast,65,5.0,59.0,23.0,78.8,61.5,66.7,0,stub-1,1.0,1.0
1,W4,AC,Beast,65,5.0,31.3,12.4,70.8,51.9,61.8,0,stub-1,1.0,1.0
1,W5,AC,Beast,65,5.0,13.2,54.0,66.0,50.5,65.5,0,stub-1,1.0,1.0
1,W6,AC,Beast,65,5.0,38.2,45.1,71.2,57.3,65.2,0,stub-1,1.0,1.0
1,W7,AC,Beast,65,5.0,10.5,72.7,65.5,47.7,61.1,0,stub-1,1.0,1.0
1,W0,AC,Beast,65,5.0,35.9,53.7,74.7,54.0,61.2,0,stub-1,1.0,1.0
1,W1,AC,Beast,65,5.0,78.7,42.7,81.7,61.2,65.8,0,stub-1,1.0,1.0
1,W2,AC,Beast,65,5.0,47.7,84.3,73.1,57.6,67.1,0,stub-1,1.0,1.0
1,W3,AC,Beast,65,5.0,86.0,77.0,83.1,65.8,66.2,0,stub-1,1.0,1.0
1,W4,AC,Beast,65,5.0,15.8,73.1,68.8,54.6,66.8,0,stub-1,1.0,1.0
1,W5,AC,Beast,65,5.0,43.1,93.9,72.0,50.0,64.5,0,stub-1,1.0,1.0
1,W6,AC,Beast,65,5.0,61.5,80.1,78.1,65.3,68.3,0,stub-1,1.0,1.0
1,W7,AC,Beast,65,5.0,39.9,40.8,71.4,54.7,65.2,0,stub-1,1.0,1.0
1,W0,AC,Beast,65,5.0,46.2,83.6,74.8,54.3,62.5,0,stub-1,1.0,1.0
1,W1,AC,Beast,65,5.0,42.3,18.3,72.2,53.2,62.3,0,stub-1,1.0,1.0
1,W2,AC,Beast,65,5.0,89.6,88.2,85.6,67.5,68.2,0,stub-1,1.0,1.0
1,W3,AC,Beast,65,5.0,42.0,39.5,76.2,53.3,63.8,0,stub-1,1.0,1.0
1,W4,AC,Beast,65,5.0,8.4,29.8,65.1,49.7,62.3,0,stub-1,1.0,1.0
1,W5,AC,Beast,65,5.0,34.8,26.4,69.7,54.1,60.6,0,stub-1,1.0,1.0
1,W6,AC,Beast,65,5.0,85.7,6.8,86.8,65.4,67.6,0,stub-1,1.0,1.0
1,W7,AC,Beast,65,5.0,67.7,13.8,83.7,63.1,66.5,0,stub-1,1.0,1.0
1,W0,DC,Beast,65,5.0,92.7,44.9,88.9,67.3,66.7,0,stub-1,1.0,1.0
1,W1,DC,Beast,65,5.0,21.9,24.0,68.7,52.5,61.2,0,stub-1,1.0,1.0
1,W2,DC,Beast,65,5.0,73.4,83.0,83.6,61.7,67.3,0,stub-1,1.0,1.0
1,W3,DC,Beast,65,5.0,17.2,81.6,67.3,50.2,62.3,0,stub-1,1.0,1.0
1,W4,DC,Beast,65,5.0,22.3,80.0,67.9,49.8,59.2,0,stub-1,1.0,1.0
1,W5,DC,Beast,65,5.0,29.7,79.1,70.7,50.1,62.5,0,stub-1,1.0,1.0
1,W6,DC,Beast,65,5.0,16.1,7.8,62.0,51.5,64.3,0,stub-1,1.0,1.0
1,W7,DC,Beast,65,5.0,57.8,36.5,82.8,62.1,69.5,0,stub-1,1.0,1.0
1,W0,AC,Extreme,65,5.2,72.4,67.0,83.5,65.5,69.0,0,stub-1,1.0,1.0
1,W1,AC,Extreme,65,5.2,91.8,82.1,93.3,66.7,66.5,0,stub-1,1.0,1.0
1,W2,AC,Extreme,65,5.2,29.2,41.9,76.3,53.2,63.7,0,stub-1,1.0,1.0
1,W3,AC,Extreme,65,5.2,63.3,59.1,81.0,62.8,67.1,0,stub-1,1.0,1.0
1,W4,AC,Extreme,65,5.2,77.5,32.5,89.8,64.3,66.2,0,stub-1,1.0,1.0
1,W5,AC,Extreme,65,5.2,27.7,47.0,72.0,50.8,60.3,0,stub-1,1.0,1.0
1,W6,AC,Extreme,65,5.2,40.7,14.2,70.2,55.5,65.2,0,stub-1,1.0,1.0
1,W7,AC,Extreme,65,5.2,63.3,59.8,79.0,61.0,67.0,0,stub-1,1.0,1.0
1,W0,AC,Extreme,65,5.2,10.7,94.0,61.8,45.1,60.6,0,stub-1,1.0,1.0
1,W1,AC,Extreme,65,5.2,85.3,31.9,92.7,68.8,71.2,0,stub-1,1.0,1.0
1,W2,AC,Extreme,65,5.2,86.0,77.5,89.5,64.4,66.3,0,stub-1,1.0,1.0
1,W3,AC,Extreme,65,5.2,64.0,94.8,77.8,61.4,68.0,0,stub-1,1.0,1.0
1,W4,AC,Extreme,65,5.2,39.9,8.2,73.4,53.0,64.4,0,stub-1,1.0,1.0
1,W5,AC,Extreme,65,5.2,53.1,75.6,82.8,61.3,65.2,0,stub-1,1.0,1.0
1,W6,AC,Extreme,65,5.2,50.7,81.1,80.9,54.7,64.4,0,stub-1,1.0,1.0
1,W7,AC,Extreme,65,5.2,16.5,28.3,68.6,50.8,60.4,0,stub-1,1.0,1.0
1,W0,AC,Extreme,65,5.2,21.5,66.2,68.2,51.6,61.5,0,stub-1,1.0,1.0
1,W1,AC,Extreme,65,5.2,32.6,75.9,76.1,52.9,64.5,0,stub-1,1.0,1.0
1,W2,AC,Extreme,65,5.2,31.5,81.6,65.9,54.1,60.8,1,stub-1,1.0,1.0
1,W3,AC,Extreme,65,5.2,85.0,50.0,84.3,68.1,67.7,0,stub-1,1.0,1.0
1,W4,AC,Extreme,65,5.2,31.9,9.9,72.9,52.6,63.9,0,stub-1,1.0,1.0
1,W5,AC,Extreme,65,5.2,86.6,46.2,91.3,65.9,70.2,0,stub-1,1.0,1.0
1,W6,AC,Extreme,65,5.2,75.1,48.9,83.7,63.4,67.1,0,stub-1,1.0,1.0
1,W7,AC,Extreme,65,5.2,29.6,73.5,71.1,54.6,66.3,0,stub-1,1.0,1.0
1,W0,DC,Extreme,65,5.2,49.1,73.7,80.6,59.2,64.7,0,stub-1,1.0,1.0
1,W1,DC,Extreme,65,5.2,91.9,39.5,87.7,69.8,69.7,0,stub-1,1.0,1.0
1,W2,DC,Extreme,65,5.2,38.6,6.3,71.5,58.5,66.3,0,stub-1,1.0,1.0
1,W3,DC,Extreme,65,5.2,27.4,67.4,74.8,51.8,63.8,0,stub-1,1.0,1.0
1,W4,DC,Extreme,65,5.2,39.5,58.0,77.0,58.6,65.1,0,stub-1,1.0,1.0
1,W5,DC,Extreme,65,5.2,58.7,35.4,82.4,65.2,64.6,0,stub-1,1.0,1.0
1,W6,DC,Extreme,65,5.2,35.8,86.1,71.9,55.5,67.6,0,stub-1,1.0,1.0
1,W7,DC,Extreme,65,5.2,41.3,25.6,72.6,55.7,63.7,0,stub-1,1.0,1.0
1,W0,AC,Quiet,25,3.8,71.1,58.1,68.3,36.9,57.7,0,stub-1,1.0,1.0
1,W1,AC,Quiet,25,3.8,83.9,28.0,70.1,37.9,58.1,0,stub-1,1.0,1.0
1,W2,AC,Quiet,25,3.8,94.5,64.6,73.6,40.8,58.7,0,stub-1,1.0,1.0
1,W3,AC,Quiet,25,3.8,54.3,47.7,59.0,32.8,58.4,0,stub-1,1.0,1.0
1,W4,AC,Quiet,25,3.8,61.7,32.1,61.8,30.4,55.4,0,stub-1,1.0,1.0
1,W5,AC,Quiet,25,3.8,79.8,14.4,73.6,37.2,57.3,0,stub-1,1.0,1.0
1,W6,AC,Quiet,25,3.8,15.3,14.6,50.8,22.6,52.8,0,stub-1,1.0,1.0
1,W7,AC,Quiet,25,3.8,23.2,68.3,56.2,23.1,53.5,0,stub-1,1.0,1.0
1,W0,AC,Quiet,25,3.8,49.7,23.7,63.0,29.2,57.5,0,stub-1,1.0,1.0
1,W1,AC,Quiet,25,3.8,86.6,80.2,71.7,38.6,57.8,0,stub-1,1.0,1.0
1,W2,AC,Quiet,25,3.8,13.1,51.1,49.3,19.9,51.9,0,stub-1,1.0,1.0
1,W3,AC,Quiet,25,3.8,31.6,46.8,57.3,26.4,54.8,0,stub-1,1.0,1.0
1,W4,AC,Quiet,25,3.8,8.6,31.2,49.0,18.0,51.3,0,stub-1,1.0,1.0
1,W5,AC,Quiet,25,3.8,9.1,81.7,47.0,19.1,50.9,0,stub-1,1.0,1.0
1,W6,AC,Quiet,25,3.8,37.2,44.4,52.3,23.9,55.7,0,stub-1,1.0,1.0
1,W7,AC,Quiet,25,3.8,21.5,41.1,55.1,24.4,53.3,0,stub-1,1.0,1.0
1,W0,AC,Quiet,25,3.8,39.7,81.6,58.9,24.7,53.9,0,stub-1,1.0,1.0
1,W1,AC,Quiet,25,3.8,67.7,10.3,64.5,35.5,57.1,0,stub-1,1.0,1.0
1,W2,AC,Quiet,25,3.8,42.4,58.2,59.8,25.3,54.5,0,stub-1,1.0,1.0
1,W3,AC,Quiet,25,3.8,7.6,66.6,50.5,22.2,49.4,0,stub-1,1.0,1.0
1,W4,AC,Quiet,25,3.8,16.8,87.8,53.0,23.0,54.2,0,stub-1,1.0,1.0
1,W5,AC,Quiet,25,3.8,68.4,66.0,66.8,34.9,55.3,0,stub-1,1.0,1.0
1,W6,AC,Quiet,25,3.8,55.9,93.0,61.0,29.9,53.1,0,stub-1,1.0,1.0
1,W7,AC,Quiet,25,3.8,13.6,64.6,49.0,20.9,53.7,0,stub-1,1.0,1.0
1,W0,DC,Quiet,25,3.8,65.9,39.6,67.4,31.8,56.6,0,stub-1,1.0,1.0
1,W1,DC,Quiet,25,3.8,62.9,19.1,64.4,35.5,55.0,0,stub-1,1.0,1.0
1,W2,DC,Quiet,25,3.8,83.2,11.7,68.3,38.4,58.9,0,stub-1,1.0,1.0
1,W3,DC,Quiet,25,3.8,62.9,41.3,64.3,33.4,58.4,0,stub-1,1.0,1.0
1,W4,DC,Quiet,25,3.8,77.1,45.3,70.8,35.1,58.6,0,stub-1,1.0,1.0
1,W5,DC,Quiet,25,3.8,14.2,42.1,52.3,21.0,52.3,0,stub-1,1.0,1.0
1,W6,DC,Quiet,25,3.8,13.2,59.4,47.7,19.6,50.9,0,stub-1,1.0,1.0
1,W7,DC,Quiet,25,3.8,65.4,90.5,65.1,33.4,57.1,0,stub-1,1.0,1.0
1,W0,AC,Balance,40,4.8,25.1,45.9,61.2,33.2,54.5,0,stub-1,1.0,1.0
1,W1,AC,Balance,40,4.8,69.4,15.3,79.2,45.4,59.8,0,stub-1,1.0,1.0
1,W2,AC,Balance,40,4.8,35.7,79.7,70.7,36.6,55.5,1,stub-1,1.0,1.0
1,W3,AC,Balance,40,4.8,19.8,17.6,62.9,32.3,54.0,0,stub-1,1.0,1.0
1,W4,AC,Balance,40,4.8,14.6,60.0,64.6,35.9,56.3,0,stub-1,1.0,1.0
1,W5,AC,Balance,40,4.8,69.5,14.7,80.5,41.5,61.3,0,stub-1,1.0,1.0
1,W6,AC,Balance,40,4.8,80.4,58.0,82.2,45.9,59.0,0,stub-1,1.0,1.0
1,W7,AC,Balance,40,4.8,17.1,49.9,56.4,31.7,56.0,0,stub-1,1.0,1.0
1,W0,AC,Balance,40,4.8,89.2,80.5,80.8,50.5,63.5,0,stub-1,1.0,1.0
1,W1,AC,Balance,40,4.8,57.1,70.7,73.8,43.6,61.3,0,stub-1,1.0,1.0
1,W2,AC,Balance,40,4.8,59.0,84.4,72.4,42.7,63.3,0,stub-1,1.0,1.0
1,W3,AC,Balance,40,4.8,29.6,91.7,65.6,37.6,57.8,0,stub-1,1.0,1.0
1,W4,AC,Balance,40,4.8,17.0,42.1,61.2,29.1,54.5,0,stub-1,1.0,1.0
1,W5,AC,Balance,40,4.8,69.1,89.2,82.8,44.4,59.8,0,stub-1,1.0,1.0
1,W6,AC,Balance,40,4.8,61.2,31.2,73.4,45.8,63.2,0,stub-1,1.0,1.0
1,W7,AC,Balance,40,4.8,91.2,50.4,84.5,50.2,61.3,0,stub-1,1.0,1.0
1,W0,AC,Balance,40,4.8,15.4,36.7,58.3,32.2,55.5,0,stub-1,1.0,1.0
1,W1,AC,Balance,40,4.8,72.3,80.7,76.6,45.2,63.7,0,stub-1,1.0,1.0
1,W2,AC,Balance,40,4.8,77.7,52.0,82.6,47.6,61.2,0,stub-1,1.0,1.0
1,W3,AC,Balance,40,4.8,19.5,30.8,61.7,32.9,59.4,0,stub-1,1.0,1.0
1,W4,AC,Balance,40,4.8,67.2,31.6,77.8,44.3,60.8,0,stub-1,1.0,1.0
1,W5,AC,Balance,40,4.8,71.6,82.8,77.8,45.8,59.1,0,stub-1,1.0,1.0
1,W6,AC,Balance,40,4.8,26.4,75.6,66.3,33.0,54.8,0,stub-1,1.0,1.0
1,W7,AC,Balance,40,4.8,39.9,91.1,63.7,39.7,58.7,0,stub-1,1.0,1.0
1,W0,DC,Balance,40,4.8,54.7,6.2,74.0,44.5,61.1,0,stub-1,1.0,1.0
1,W1,DC,Balance,40,4.8,79.7,87.0,75.6,47.1,59.4,0,stub-1,1.0,1.0
1,W2,DC,Balance,40,4.8,73.0,54.2,75.4,44.1,61.7,0,stub-1,1.0,1.0
1,W3,DC,Balance,40,4.8,66.4,21.8,77.0,45.7,62.6,0,stub-1,1.0,1.0
1,W4,DC,Balance,40,4.8,38.9,43.6,67.8,37.4,57.1,0,stub-1,1.0,1.0
1,W5,DC,Balance,40,4.8,68.9,18.9,77.1,46.2,62.3,0,stub-1,1.0,1.0
1,W6,DC,Balance,40,4.8,9.6,88.9,57.2,28.4,53.0,0,stub-1,1.0,1.0
1,W7,DC,Balance,40,4.8,37.2,75.6,69.0,36.7,58.8,0,stub-1,1.0,1.0
1,W0,AC,Beast,65,5.0,21.5,11.1,63.4,50.8,62.1,0,stub-1,1.0,1.0
1,W1,AC,Beast,65,5.0,24.9,24.2,67.2,50.8,64.0,0,stub-1,1.0,1.0
1,W2,AC,Beast,65,5.0,24.7,72.7,57.5,50.4,64.5,1,stub-1,1.0,1.0
1,W3,AC,Beast,65,5.0,65.2,45.1,72.0,64.1,66.3,0,stub-1,1.0,1.0
1,W4,AC,Beast,65,5.0,60.9,91.3,77.2,59.1,68.8,0,stub-1,1.0,1.0
1,W5,AC,Beast,65,5.0,53.6,30.5,72.4,62.1,65.2,0,stub-1,1.0,1.0
1,W6,AC,Beast,65,5.0,38.7,77.3,70.8,55.4,65.2,0,stub-1,1.0,1.0
1,W7,AC,Beast,65,5.0,51.3,90.3,74.2,60.8,69.5,0,stub-1,1.0,1.0
1,W0,AC,Beast,65,5.0,53.4,5.7,80.1,60.0,66.5,0,stub-1,1.0,1.0
1,W1,AC,Beast,65,5.0,43.2,14.4,67.0,53.3,63.1,0,stub-1,1.0,1.0
1,W2,AC,Beast,65,5.0,92.9,74.8,83.6,64.9,67.7,0,stub-1,1.0,1.0
1,W3,AC,Beast,65,5.0,34.9,12.9,68.7,57.6,66.0,0,stub-1,1.0,1.0
1,W4,AC,Beast,65,5.0,55.2,56.7,76.9,60.8,64.7,0,stub-1,1.0,1.0
1,W5,AC,Beast,65,5.0,6.5,65.6,64.7,44.3,60.1,0,stub-1,1.0,1.0
1,W6,AC,Beast,65,5.0,60.7,73.0,74.2,59.1,68.8,0,stub-1,1.0,1.0
1,W7,AC,Beast,65,5.0,14.6,75.8,67.4,48.9,62.7,0,stub-1,1.0,1.0
1,W0,AC,Beast,65,5.0,73.9,44.4,78.7,65.8,66.2,0,stub-1,1.0,1.0
1,W1,AC,Beast,65,5.0,17.3,40.2,65.8,50.6,60.9,0,stub-1,1.0,1.0
1,W2,AC,Beast,65,5.0,91.4,18.0,84.5,64.4,68.2,0,stub-1,1.0,1.0
1,W3,AC,Beast,65,5.0,90.5,54.8,82.5,67.1,68.2,0,stub-1,1.0,1.0
1,W4,AC,Beast,65,5.0,5.5,58.7,54.6,45.7,60.2,0,stub-1,1.0,1.0
1,W5,AC,Beast,65,5.0,35.9,42.1,75.5,53.0,62.1,0,stub-1,1.0,1.0
1,W6,AC,Beast,65,5.0,19.5,24.9,66.8,49.2,63.4,0,stub-1,1.0,1.0
1,W7,AC,Beast,65,5.0,81.7,81.6,89.4,71.8,68.1,0,stub-1,1.0,1.0
1,W0,DC,Beast,65,5.0,46.5,54.5,73.7,57.9,67.2,0,stub-1,1.0,1.0
1,W1,DC,Beast,65,5.0,48.8,34.8,77.4,59.7,67.5,0,stub-1,1.0,1.0
1,W2,DC,Beast,65,5.0,14.0,60.8,66.3,48.0,59.8,0,stub-1,1.0,1.0
1,W3,DC,Beast,65,5.0,57.6,55.9,78.5,58.7,66.5,0,stub-1,1.0,1.0
1,W4,DC,Beast,65,5.0,43.5,5.4,73.1,57.8,65.1,0,stub-1,1.0,1.0
1,W5,DC,Beast,65,5.0,17.1,71.0,61.9,51.4,61.8,0,stub-1,1.0,1.0
1,W6,DC,Beast,65,5.0,37.3,32.5,69.4,54.4,61.8,0,stub-1,1.0,1.0
1,W7,DC,Beast,65,5.0,82.3,17.6,81.1,64.6,67.3,0,stub-1,1.0,1.0
1,W0,AC,Extreme,65,5.2,84.8,11.9,88.3,66.9,68.0,0,stub-1,1.0,1.0
1,W1,AC,Extreme,65,5.2,57.4,41.5,79.6,56.2,62.9,0,stub-1,1.0,1.0
1,W2,AC,Extreme,65,5.2,54.6,53.9,82.2,59.1,65.9,0,stub-1,1.0,1.0
1,W3,AC,Extreme,65,5.2,74.5,71.0,81.9,63.6,68.9,0,stub-1,1.0,1.0
1,W4,AC,Extreme,65,5.2,50.9,40.7,73.3,58.2,66.9,0,stub-1,1.0,1.0
1,W5,AC,Extreme,65,5.2,19.9,51.3,63.9,49.3,62.6,0,stub-1,1.0,1.0
1,W6,AC,Extreme,65,5.2,90.4,64.3,94.3,67.4,67.2,0,stub-1,1.0,1.0
1,W7,AC,Extreme,65,5.2,24.7,48.9,70.1,53.4,64.3,0,stub-1,1.0,1.0
1,W0,AC,Extreme,65,5.2,8.9,23.6,67.4,46.7,59.7,0,stub-1,1.0,1.0
1,W1,AC,Extreme,65,5.2,9.2,93.3,65.8,46.4,63.3,0,stub-1,1.0,1.0
1,W2,AC,Extreme,65,5.2,51.9,79.7,79.2,57.1,64.1,0,stub-1,1.0,1.0
1,W3,AC,Extreme,65,5.2,37.9,63.8,73.3,56.2,63.1,0,stub-1,1.0,1.0
1,W4,AC,Extreme,65,5.2,38.9,86.7,71.3,55.0,65.4,0,stub-1,1.0,1.0
1,W5,AC,Extreme,65,5.2,59.4,50.2,77.7,61.1,67.1,0,stub-1,1.0,1.0
1,W6,AC,Extreme,65,5.2,11.9,62.9,66.4,49.7,60.9,0,stub-1,1.0,1.0
1,W7,AC,Extreme,65,5.2,15.6,25.7,70.7,50.6,60.5,0,stub-1,1.0,1.0
1,W0,AC,Extreme,65,5.2,48.3,48.1,77.3,58.7,65.7,0,stub-1,1.0,1.0
1,W1,AC,Extreme,65,5.2,8.9,56.6,64.5,49.2,64.0,0,stub-1,1.0,1.0
1,W2,AC,Extreme,65,5.2,8.5,56.5,67.1,48.2,63.5,0,stub-1,1.0,1.0
1,W3,AC,Extreme,65,5.2,55.7,6.7,86.0,58.9,63.4,0,stub-1,1.0,1.0
1,W4,AC,Extreme,65,5.2,30.5,12.7,62.6,55.1,64.9,0,stub-1,1.0,1.0
1,W5,AC,Extreme,65,5.2,59.1,76.5,78.8,60.8,65.4,0,stub-1,1.0,1.0
1,W6,AC,Extreme,65,5.2,64.4,28.8,81.3,59.8,64.0,0,stub-1,1.0,1.0
1,W7,AC,Extreme,65,5.2,25.7,39.7,71.3,53.0,64.2,0,stub-1,1.0,1.0
1,W0,DC,Extreme,65,5.2,82.4,50.4,85.6,66.6,69.7,0,stub-1,1.0,1.0
1,W1,DC,Extreme,65,5.2,60.3,8.5,82.4,61.1,64.6,0,stub-1,1.0,1.0
1,W2,DC,Extreme,65,5.2,15.6,48.4,69.9,51.4,64.5,0,stub-1,1.0,1.0
1,W3,DC,Extreme,65,5.2,63.4,52.0,75.8,60.9,66.7,0,stub-1,1.0,1.0
1,W4,DC,Extreme,65,5.2,52.7,25.7,79.9,55.3,62.9,0,stub-1,1.0,1.0
1,W5,DC,Extreme,65,5.2,73.5,67.7,87.2,64.8,68.1,0,stub-1,1.0,1.0
1,W6,DC,Extreme,65,5.2,47.9,25.9,78.3,56.2,65.8,0,stub-1,1.0,1.0
1,W7,DC,Extreme,65,5.2,22.0,68.8,66.9,51.6,61.2,0,stub-1,1.0,1.0
1,W0,AC,Quiet,25,3.8,15.6,5.6,47.7,18.9,51.0,0,stub-1,1.0,1.0
1,W1,AC,Quiet,25,3.8,18.9,63.6,53.9,22.1,55.7,0,stub-1,1.0,1.0
1,W2,AC,Quiet,25,3.8,43.1,37.9,57.8,31.3,56.0,0,stub-1,1.0,1.0
1,W3,AC,Quiet,25,3.8,48.4,38.3,57.0,28.2,54.5,0,stub-1,1.0,1.0
1,W4,AC,Quiet,25,3.8,32.6,36.0,54.0,22.5,54.2,0,stub-1,1.0,1.0
1,W5,AC,Quiet,25,3.8,45.2,67.9,55.7,29.5,56.2,0,stub-1,1.0,1.0
1,W6,AC,Quiet,25,3.8,41.1,35.5,53.5,26.8,54.1,0,stub-1,1.0,1.0
1,W7,AC,Quiet,25,3.8,91.8,5.5,71.4,41.4,59.9,0,stub-1,1.0,1.0
1,W0,AC,Quiet,25,3.8,88.3,44.2,74.1,40.1,59.4,0,stub-1,1.0,1.0
1,W1,AC,Quiet,25,3.8,39.6,93.6,57.9,25.6,52.8,0,stub-1,1.0,1.0
1,W2,AC,Quiet,25,3.8,69.0,58.8,71.6,33.5,55.7,0,stub-1,1.0,1.0
1,W3,AC,Quiet,25,3.8,64.1,77.4,62.3,33.4,57.1,0,stub-1,1.0,1.0
1,W4,AC,Quiet,25,3.8,59.0,51.4,63.5,33.4,57.8,1,stub-1,1.0,1.0
1,W5,AC,Quiet,25,3.8,19.2,94.7,51.8,22.6,51.5,0,stub-1,1.0,1.0
1,W6,AC,Quiet,25,3.8,40.6,57.7,52.9,27.3,55.1,0,stub-1,1.0,1.0
1,W7,AC,Quiet,25,3.8,30.6,79.7,55.3,26.7,53.7,0,stub-1,1.0,1.0
1,W0,AC,Quiet,25,3.8,91.7,29.9,71.6,39.6,60.6,0,stub-1,1.0,1.0
1,W1,AC,Quiet,25,3.8,28.5,41.6,52.5,25.2,54.2,0,stub-1,1.0,1.0
1,W2,AC,Quiet,25,3.8,31.5,90.2,57.5,20.6,54.2,0,stub-1,1.0,1.0
1,W3,AC,Quiet,25,3.8,67.5,91.9,62.0,31.2,54.9,0,stub-1,1.0,1.0
1,W4,AC,Quiet,25,3.8,73.2,91.5,64.3,36.4,57.4,0,stub-1,1.0,1.0
1,W5,AC,Quiet,25,3.8,11.1,62.0,48.6,23.3,53.1,0,stub-1,1.0,1.0
1,W6,AC,Quiet,25,3.8,25.7,33.4,56.8,23.3,56.0,0,stub-1,1.0,1.0
1,W7,AC,Quiet,25,3.8,27.3,13.4,54.1,22.6,50.4,0,stub-1,1.0,1.0
1,W0,DC,Quiet,25,3.8,11.8,88.8,46.4,20.7,53.2,0,stub-1,1.0,1.0
1,W1,DC,Quiet,25,3.8,90.2,66.5,71.2,42.0,58.8,0,stub-1,1.0,1.0
1,W2,DC,Quiet,25,3.8,23.0,71.2,53.9,22.3,53.1,0,stub-1,1.0,1.0
1,W3,DC,Quiet,25,3.8,19.0,14.6,53.5,24.9,52.6,0,stub-1,1.0,1.0
1,W4,DC,Quiet,25,3.8,64.7,60.2,65.3,31.2,57.6,0,stub-1,1.0,1.0
1,W5,DC,Quiet,25,3.8,49.3,93.7,61.3,33.0,54.7,0,stub-1,1.0,1.0
1,W6,DC,Quiet,25,3.8,49.2,93.6,62.5,29.0,55.5,0,stub-1,1.0,1.0
1,W7,DC,Quiet,25,3.8,9.9,76.9,52.4,17.5,51.4,0,stub-1,1.0,1.0
1,W0,AC,Balance,40,4.8,50.2,40.4,71.9,39.4,61.1,0,stub-1,1.0,1.0
1,W1,AC,Balance,40,4.8,46.4,67.0,70.8,41.0,59.4,0,stub-1,1.0,1.0
1,W2,AC,Balance,40,4.8,57.3,34.3,73.0,41.3,58.4,0,stub-1,1.0,1.0
1,W3,AC,Balance,40,4.8,60.2,37.9,75.0,41.7,59.6,0,stub-1,1.0,1.0
1,W4,AC,Balance,40,4.8,68.1,38.5,79.5,43.7,60.6,0,stub-1,1.0,1.0
1,W5,AC,Balance,40,4.8,25.6,14.0,66.7,34.2,58.1,0,stub-1,1.0,1.0
1,W6,AC,Balance,40,4.8,43.9,39.3,75.4,43.0,61.6,0,stub-1,1.0,1.0
1,W7,AC,Balance,40,4.8,20.9,50.0,68.3,37.1,57.9,0,stub-1,1.0,1.0
1,W0,AC,Balance,40,4.8,51.5,69.9,73.6,39.2,56.9,0,stub-1,1.0,1.0
1,W1,AC,Balance,40,4.8,40.9,67.1,68.4,41.6,60.6,0,stub-1,1.0,1.0
1,W2,AC,Balance,40,4.8,47.9,61.7,69.4,40.5,58.0,0,stub-1,1.0,1.0
1,W3,AC,Balance,40,4.8,28.2,6.8,69.0,38.0,60.4,0,stub-1,1.0,1.0
1,W4,AC,Balance,40,4.8,91.7,22.9,81.2,49.6,63.5,0,stub-1,1.0,1.0
1,W5,AC,Balance,40,4.8,65.6,48.9,81.9,44.0,57.3,0,stub-1,1.0,1.0
1,W6,AC,Balance,40,4.8,39.3,30.8,68.3,37.0,59.3,0,stub-1,1.0,1.0
1,W7,AC,Balance,40,4.8,35.4,61.8,72.9,33.3,55.4,0,stub-1,1.0,1.0
1,W0,AC,Balance,40,4.8,11.4,19.6,61.4,32.6,56.1,0,stub-1,1.0,1.0
1,W1,AC,Balance,40,4.8,63.0,29.4,78.8,40.0,60.0,0,stub-1,1.0,1.0
1,W2,AC,Balance,40,4.8,37.7,57.8,71.9,37.0,58.1,0,stub-1,1.0,1.0
1,W3,AC,Balance,40,4.8,64.6,89.6,77.6,43.9,59.8,0,stub-1,1.0,1.0
1,W4,AC,Balance,40,4.8,20.0,14.3,69.3,34.6,56.8,0,stub-1,1.0,1.0
1,W5,AC,Balance,40,4.8,73.8,12.5,79.5,46.4,62.1,0,stub-1,1.0,1.0
1,W6,AC,Balance,40,4.8,63.9,84.7,76.0,45.4,60.4,0,stub-1,1.0,1.0
1,W7,AC,Balance,40,4.8,16.8,80.5,66.8,35.1,57.7,0,stub-1,1.0,1.0
1,W0,DC,Balance,40,4.8,82.4,34.3,74.3,49.4,61.1,0,stub-1,1.0,1.0
1,W1,DC,Balance,40,4.8,45.0,92.3,70.5,38.9,57.7,0,stub-1,1.0,1.0
1,W2,DC,Balance,40,4.8,58.8,61.8,72.7,40.8,57.1,0,stub-1,1.0,1.0
1,W3,DC,Balance,40,4.8,36.2,53.6,67.8,37.8,56.7,0,stub-1,1.0,1.0
1,W4,DC,Balance,40,4.8,37.9,28.4,69.0,37.5,59.3,0,stub-1,1.0,1.0
1,W5,DC,Balance,40,4.8,47.2,5.7,66.4,44.1,58.7,0,stub-1,1.0,1.0
1,W6,DC,Balance,40,4.8,47.9,5.8,69.7,40.7,59.3,0,stub-1,1.0,1.0
1,W7,DC,Balance,40,4.8,38.6,42.1,69.5,35.8,57.0,0,stub-1,1.0,1.0
1,W0,AC,Beast,65,5.0,19.7,71.3,63.7,51.7,63.0,0,stub-1,1.0,1.0
1,W1,AC,Beast,65,5.0,26.6,73.8,71.1,55.2,62.9,0,stub-1,1.0,1.0
1,W2,AC,Beast,65,5.0,66.6,30.6,79.7,58.5,63.0,0,stub-1,1.0,1.0
1,W3,AC,Beast,65,5.0,31.1,62.3,72.4,52.1,62.4,0,stub-1,1.0,1.0
1,W4,AC,Beast,65,5.0,61.0,21.9,79.3,60.8,65.4,0,stub-1,1.0,1.0
1,W5,AC,Beast,65,5.0,29.2,69.4,68.3,52.6,62.3,0,stub-1,1.0,1.0
1,W6,AC,Beast,65,5.0,18.6,49.4,64.2,51.6,64.7,0,stub-1,1.0,1.0
1,W7,AC,Beast,65,5.0,46.7,76.2,64.0,55.3,66.9,0,stub-1,1.0,1.0
1,W0,AC,Beast,65,5.0,90.6,10.0,87.4,67.4,67.6,0,stub-1,1.0,1.0
1,W1,AC,Beast,65,5.0,80.7,78.6,84.6,66.2,67.5,0,stub-1,1.0,1.0
1,W2,AC,Beast,65,5.0,74.1,27.4,82.7,61.9,66.6,0,stub-1,1.0,1.0
1,W3,AC,Beast,65,5.0,74.4,51.9,81.5,66.3,68.0,0,stub-1,1.0,1.0
1,W4,AC,Beast,65,5.0,66.3,33.1,78.0,64.6,71.0,0,stub-1,1.0,1.0
1,W5,AC,Beast,65,5.0,27.8,62.5,70.2,53.8,66.8,0,stub-1,1.0,1.0
1,W6,AC,Beast,65,5.0,82.7,24.6,88.0,68.0,68.4,0,stub-1,1.0,1.0
1,W7,AC,Beast,65,5.0,29.8,15.8,70.6,53.0,63.4,0,stub-1,1.0,1.0
1,W0,AC,Beast,65,5.0,8.8,75.5,58.6,48.1,61.4,0,stub-1,1.0,1.0
1,W1,AC,Beast,65,5.0,19.2,13.2,66.7,46.9,59.1,0,stub-1,1.0,1.0
1,W2,AC,Beast,65,5.0,94.7,61.3,92.4,70.2,68.8,0,stub-1,1.0,1.0
1,W3,AC,Beast,65,5.0,25.9,93.4,62.7,52.8,61.0,0,stub-1,1.0,1.0
1,W4,AC,Beast,65,5.0,77.5,44.5,84.9,67.7,68.2,0,stub-1,1.0,1.0
1,W5,AC,Beast,65,5.0,48.7,44.4,75.9,56.8,67.1,0,stub-1,1.0,1.0
1,W6,AC,Beast,65,5.0,22.1,21.8,63.8,53.7,63.3,0,stub-1,1.0,1.0
1,W7,AC,Beast,65,5.0,87.3,54.9,91.8,68.4,69.3,0,stub-1,1.0,1.0
1,W0,DC,Beast,65,5.0,31.6,28.7,69.4,53.5,62.8,0,stub-1,1.0,1.0
1,W1,DC,Beast,65,5.0,21.7,6.7,64.3,53.1,61.5,0,stub-1,1.0,1.0
1,W2,DC,Beast,65,5.0,26.5,69.9,65.9,50.0,61.1,0,stub-1,1.0,1.0
1,W3,DC,Beast,65,5.0,54.6,60.2,78.8,57.9,67.2,0,stub-1,1.0,1.0
1,W4,DC,Beast,65,5.0,14.9,52.1,69.7,50.8,64.9,0,stub-1,1.0,1.0
1,W5,DC,Beast,65,5.0,48.7,13.9,79.0,54.2,62.8,0,stub-1,1.0,1.0
1,W6,DC,Beast,65,5.0,64.2,52.3,78.6,60.1,64.7,0,stub-1,1.0,1.0
1,W7,DC,Beast,65,5.0,11.4,88.7,66.5,48.9,63.8,0,stub-1,1.0,1.0
1,W0,AC,Extreme,65,5.2,85.1,12.2,88.3,66.1,64.8,0,stub-1,1.0,1.0
1,W1,AC,Extreme,65,5.2,42.4,38.2,72.6,55.1,61.6,0,stub-1,1.0,1.0
1,W2,AC,Extreme,65,5.2,28.9,8.7,73.4,53.5,67.3,0,stub-1,1.0,1.0
1,W3,AC,Extreme,65,5.2,70.3,52.8,80.9,64.0,69.1,0,stub-1,1.0,1.0
1,W4,AC,Extreme,65,5.2,27.4,61.3,72.8,55.3,63.8,0,stub-1,1.0,1.0
1,W5,AC,Extreme,65,5.2,37.2,46.3,74.3,52.7,60.8,0,stub-1,1.0,1.0
1,W6,AC,Extreme,65,5.2,20.0,21.2,66.2,51.6,66.0,0,stub-1,1.0,1.0
1,W7,AC,Extreme,65,5.2,44.9,36.7,84.9,54.3,68.2,0,stub-1,1.0,1.0
1,W0,AC,Extreme,65,5.2,34.2,38.5,72.9,51.9,62.9,0,stub-1,1.0,1.0
1,W1,AC,Extreme,65,5.2,55.7,24.3,75.0,59.9,62.5,0,stub-1,1.0,1.0
1,W2,AC,Extreme,65,5.2,27.9,91.5,67.9,53.1,63.0,0,stub-1,1.0,1.0
1,W3,AC,Extreme,65,5.2,51.6,94.4,69.4,57.9,66.5,0,stub-1,1.0,1.0
1,W4,AC,Extreme,65,5.2,25.0,82.0,75.4,52.2,62.8,0,stub-1,1.0,1.0
1,W5,AC,Extreme,65,5.2,55.1,88.3,76.7,59.6,66.2,0,stub-1,1.0,1.0
1,W6,AC,Extreme,65,5.2,37.0,17.5,70.8,56.7,65.1,0,stub-1,1.0,1.0
1,W7,AC,Extreme,65,5.2,13.3,41.0,71.8,51.7,61.9,0,stub-1,1.0,1.0
1,W0,AC,Extreme,65,5.2,70.1,76.4,86.0,66.3,67.5,0,stub-1,1.0,1.0
1,W1,AC,Extreme,65,5.2,86.7,58.6,84.8,66.2,70.5,0,stub-1,1.0,1.0
1,W2,AC,Extreme,65,5.2,56.9,12.1,84.3,60.9,64.7,0,stub-1,1.0,1.0
1,W3,AC,Extreme,65,5.2,83.1,83.3,91.8,66.7,70.5,0,stub-1,1.0,1.0
1,W4,AC,Extreme,65,5.2,59.2,6.0,80.7,58.4,65.3,0,stub-1,1.0,1.0
1,W5,AC,Extreme,65,5.2,18.5,50.2,68.8,50.2,63.1,0,stub-1,1.0,1.0
1,W6,AC,Extreme,65,5.2,70.8,40.4,79.9,64.1,66.4,0,stub-1,1.0,1.0
1,W7,AC,Extreme,65,5.2,31.1,40.5,71.7,53.8,64.3,0,stub-1,1.0,1.0
1,W0,DC,Extreme,65,5.2,56.4,9.4,78.3,60.1,63.5,0,stub-1,1.0,1.0
1,W1,DC,Extreme,65,5.2,16.7,17.1,67.4,47.5,61.0,0,stub-1,1.0,1.0
1,W2,DC,Extreme,65,5.2,63.7,22.6,77.9,59.3,65.8,0,stub-1,1.0,1.0
1,W3,DC,Extreme,65,5.2,34.1,88.2,73.8,56.6,66.0,0,stub-1,1.0,1.0
1,W4,DC,Extreme,65,5.2,43.1,36.3,73.6,58.7,66.8,0,stub-1,1.0,1.0
1,W5,DC,Extreme,65,5.2,60.5,94.1,80.9,59.6,66.1,0,stub-1,1.0,1.0
1,W6,DC,Extreme,65,5.2,9.0,78.6,66.0,49.6,62.5,0,stub-1,1.0,1.0
1,W7,DC,Extreme,65,5.2,15.1,9.9,61.1,53.6,62.7,0,stub-1,1.0,1.0
1,W0,AC,Quiet,25,3.8,83.2,78.8,75.2,38.6,59.8,0,stub-1,1.0,1.0
1,W1,AC,Quiet,25,3.8,7.0,23.8,49.8,17.9,51.0,0,stub-1,1.0,1.0
1,W2,AC,Quiet,25,3.8,52.1,28.3,56.4,30.9,57.3,1,stub-1,1.0,1.0
1,W3,AC,Quiet,25,3.8,57.5,64.7,66.4,33.0,56.8,0,stub-1,1.0,1.0
1,W4,AC,Quiet,25,3.8,30.6,76.0,54.0,24.7,53.5,0,stub-1,1.0,1.0
1,W5,AC,Quiet,25,3.8,29.4,81.7,54.1,22.7,50.4,0,stub-1,1.0,1.0
1,W6,AC,Quiet,25,3.8,6.7,83.1,46.3,18.0,48.3,0,stub-1,1.0,1.0
1,W7,AC,Quiet,25,3.8,14.0,33.4,55.4,22.6,51.6,0,stub-1,1.0,1.0
1,W0,AC,Quiet,25,3.8,21.8,50.1,45.5,24.1,54.6,0,stub-1,1.0,1.0
1,W1,AC,Quiet,25,3.8,52.6,35.0,61.7,29.7,56.0,0,stub-1,1.0,1.0
1,W2,AC,Quiet,25,3.8,36.2,36.7,54.9,25.5,55.7,0,stub-1,1.0,1.0
1,W3,AC,Quiet,25,3.8,61.3,84.1,63.5,35.7,55.7,0,stub-1,1.0,1.0
1,W4,AC,Quiet,25,3.8,7.7,54.9,47.6,20.5,53.9,0,stub-1,1.0,1.0
1,W5,AC,Quiet,25,3.8,39.4,91.5,54.8,25.2,52.5,0,stub-1,1.0,1.0
1,W6,AC,Quiet,25,3.8,25.5,26.6,57.8,28.2,56.0,0,stub-1,1.0,1.0
1,W7,AC,Quiet,25,3.8,53.8,23.6,60.3,32.6,57.8,0,stub-1,1.0,1.0
1,W0,AC,Quiet,25,3.8,77.0,82.6,67.0,39.7,58.1,0,stub-1,1.0,1.0
1,W1,AC,Quiet,25,3.8,94.6,92.8,73.7,44.0,63.2,0,stub-1,1.0,1.0
1,W2,AC,Quiet,25,3.8,87.5,33.6,65.0,37.7,59.1,0,stub-1,1.0,1.0
1,W3,AC,Quiet,25,3.8,70.4,73.9,68.5,36.6,56.8,0,stub-1,1.0,1.0
1,W4,AC,Quiet,25,3.8,42.0,44.9,64.0,26.3,55.3,0,stub-1,1.0,1.0
1,W5,AC,Quiet,25,3.8,14.6,21.6,49.0,21.4,50.4,0,stub-1,1.0,1.0
1,W6,AC,Quiet,25,3.8,29.0,56.0,54.6,26.2,53.6,0,stub-1,1.0,1.0
1,W7,AC,Quiet,25,3.8,66.9,47.9,63.1,31.5,56.0,0,stub-1,1.0,1.0
1,W0,DC,Quiet,25,3.8,69.1,38.7,68.4,32.9,57.2,0,stub-1,1.0,1.0
1,W1,DC,Quiet,25,3.8,7.9,73.8,49.5,21.1,52.5,0,stub-1,1.0,1.0
1,W2,DC,Quiet,25,3.8,42.2,71.8,63.3,27.8,57.9,0,stub-1,1.0,1.0
1,W3,DC,Quiet,25,3.8,83.0,49.1,73.3,37.3,59.5,0,stub-1,1.0,1.0
1,W4,DC,Quiet,25,3.8,27.2,41.4,58.5,25.1,52.9,0,stub-1,1.0,1.0
1,W5,DC,Quiet,25,3.8,71.8,58.4,68.9,31.4,55.5,0,stub-1,1.0,1.0
1,W6,DC,Quiet,25,3.8,75.8,51.9,63.0,37.6,62.9,0,stub-1,1.0,1.0
1,W7,DC,Quiet,25,3.8,51.7,40.6,63.7,30.2,53.7,0,stub-1,1.0,1.0
1,W0,AC,Balance,40,4.8,51.5,61.8,75.4,41.4,58.5,0,stub-1,1.0,1.0
1,W1,AC,Balance,40,4.8,79.5,46.5,83.0,45.4,61.9,0,stub-1,1.0,1.0
1,W2,AC,Balance,40,4.8,9.9,51.5,64.1,33.4,54.4,0,stub-1,1.0,1.0
1,W3,AC,Balance,40,4.8,75.1,89.4,81.6,46.4,60.5,0,stub-1,1.0,1.0
1,W4,AC,Balance,40,4.8,42.2,45.6,72.0,41.0,59.1,0,stub-1,1.0,1.0
1,W5,AC,Balance,40,4.8,27.5,67.3,63.9,37.9,56.8,0,stub-1,1.0,1.0
1,W6,AC,Balance,40,4.8,69.7,16.1,81.0,46.8,60.2,0,stub-1,1.0,1.0
1,W7,AC,Balance,40,4.8,39.6,76.2,72.2,33.0,56.3,0,stub-1,1.0,1.0
1,W0,AC,Balance,40,4.8,39.1,39.3,70.1,33.4,54.7,0,stub-1,1.0,1.0
1,W1,AC,Balance,40,4.8,18.5,83.2,61.4,34.0,59.0,0,stub-1,1.0,1.0
1,W2,AC,Balance,40,4.8,42.8,32.9,70.8,36.5,57.3,0,stub-1,1.0,1.0
1,W3,AC,Balance,40,4.8,23.3,61.0,63.5,33.8,58.5,0,stub-1,1.0,1.0
1,W4,AC,Balance,40,4.8,82.0,53.9,88.4,48.6,62.2,0,stub-1,1.0,1.0
1,W5,AC,Balance,40,4.8,41.9,12.1,74.2,37.3,57.4,0,stub-1,1.0,1.0
1,W6,AC,Balance,40,4.8,54.3,60.8,68.6,40.2,59.9,0,stub-1,1.0,1.0
1,W7,AC,Balance,40,4.8,63.8,8.3,77.3,45.7,59.2,0,stub-1,1.0,1.0
1,W0,AC,Balance,40,4.8,80.4,31.9,82.6,47.8,60.9,0,stub-1,1.0,1.0
1,W1,AC,Balance,40,4.8,65.5,60.0,78.2,43.4,58.3,0,stub-1,1.0,1.0
1,W2,AC,Balance,40,4.8,75.9,21.0,76.6,47.7,62.3,0,stub-1,1.0,1.0
1,W3,AC,Balance,40,4.8,38.2,39.1,68.5,39.5,59.5,0,stub-1,1.0,1.0
1,W4,AC,Balance,40,4.8,54.5,31.4,77.0,43.9,60.1,0,stub-1,1.0,1.0
1,W5,AC,Balance,40,4.8,67.6,60.1,81.5,47.4,63.1,0,stub-1,1.0,1.0
1,W6,AC,Balance,40,4.8,61.6,93.8,71.5,43.7,64.3,0,stub-1,1.0,1.0
1,W7,AC,Balance,40,4.8,30.8,59.8,63.3,34.7,58.8,0,stub-1,1.0,1.0
1,W0,DC,Balance,40,4.8,94.6,36.8,88.6,53.5,61.6,0,stub-1,1.0,1.0
1,W1,DC,Balance,40,4.8,49.3,21.2,71.9,37.9,56.8,0,stub-1,1.0,1.0
1,W2,DC,Balance,40,4.8,93.1,5.1,89.7,51.7,65.2,0,stub-1,1.0,1.0
1,W3,DC,Balance,40,4.8,94.9,42.3,90.0,50.4,64.3,0,stub-1,1.0,1.0
1,W4,DC,Balance,40,4.8,62.4,6.0,77.0,45.1,61.1,0,stub-1,1.0,1.0
1,W5,DC,Balance,40,4.8,34.2,5.6,65.4,35.8,56.3,0,stub-1,1.0,1.0
1,W6,DC,Balance,40,4.8,70.2,60.4,80.5,45.8,60.4,0,stub-1,1.0,1.0
1,W7,DC,Balance,40,4.8,65.5,87.5,79.6,45.2,58.8,0,stub-1,1.0,1.0
1,W0,AC,Beast,65,5.0,48.3,61.4,77.4,56.0,63.3,0,stub-1,1.0,1.0
1,W1,AC,Beast,65,5.0,42.3,71.8,77.2,56.9,63.8,0,stub-1,1.0,1.0
1,W2,AC,Beast,65,5.0,70.2,33.4,79.1,62.8,65.9,0,stub-1,1.0,1.0
1,W3,AC,Beast,65,5.0,36.8,92.3,66.1,54.6,64.5,0,stub-1,1.0,1.0
1,W4,AC,Beast,65,5.0,93.5,61.4,90.2,66.7,66.8,0,stub-1,1.0,1.0
1,W5,AC,Beast,65,5.0,72.6,68.5,84.4,63.5,67.6,0,stub-1,1.0,1.0
1,W6,AC,Beast,65,5.0,42.2,49.7,72.9,58.2,66.4,0,stub-1,1.0,1.0
1,W7,AC,Beast,65,5.0,32.2,15.1,69.0,54.3,61.5,0,stub-1,1.0,1.0
1,W0,AC,Beast,65,5.0,87.2,44.9,89.6,67.7,67.7,0,stub-1,1.0,1.0
1,W1,AC,Beast,65,5.0,88.1,70.9,86.4,64.1,67.1,0,stub-1,1.0,1.0
1,W2,AC,Beast,65,5.0,17.9,83.5,68.5,45.7,60.7,0,stub-1,1.0,1.0
1,W3,AC,Beast,65,5.0,46.3,69.2,72.5,56.9,64.9,0,stub-1,1.0,1.0
1,W4,AC,Beast,65,5.0,88.9,66.8,85.6,67.3,68.1,0,stub-1,1.0,1.0
1,W5,AC,Beast,65,5.0,64.3,33.1,79.5,60.0,65.4,0,stub-1,1.0,1.0
1,W6,AC,Beast,65,5.0,85.3,33.9,86.4,68.3,68.2,0,stub-1,1.0,1.0
1,W7,AC,Beast,65,5.0,15.6,18.4,67.6,49.3,62.5,0,stub-1,1.0,1.0
1,W0,AC,Beast,65,5.0,61.1,51.3,79.1,62.6,66.5,0,stub-1,1.0,1.0
1,W1,AC,Beast,65,5.0,68.4,30.5,82.0,62.6,67.5,0,stub-1,1.0,1.0
1,W2,AC,Beast,65,5.0,60.2,35.5,76.6,60.9,64.1,0,stub-1,1.0,1.0
1,W3,AC,Beast,65,5.0,9.8,43.4,63.8,49.1,64.0,0,stub-1,1.0,1.0
1,W4,AC,Beast,65,5.0,58.3,80.3,76.2,57.5,64.1,0,stub-1,1.0,1.0
1,W5,AC,Beast,65,5.0,65.4,53.0,84.7,65.2,67.4,0,stub-1,1.0,1.0
1,W6,AC,Beast,65,5.0,46.9,16.9,76.7,53.1,62.0,0,stub-1,1.0,1.0
1,W7,AC,Beast,65,5.0,66.6,68.9,80.6,60.7,66.5,0,stub-1,1.0,1.0
1,W0,DC,Beast,65,5.0,25.1,82.5,62.6,48.8,60.3,0,stub-1,1.0,1.0
1,W1,DC,Beast,65,5.0,64.9,76.0,82.4,63.3,66.1,0,stub-1,1.0,1.0
1,W2,DC,Beast,65,5.0,7.7,47.8,60.3,49.2,63.5,0,stub-1,1.0,1.0
1,W3,DC,Beast,65,5.0,16.5,14.3,69.4,51.1,60.4,0,stub-1,1.0,1.0
1,W4,DC,Beast,65,5.0,34.3,63.5,71.3,51.7,61.8,0,stub-1,1.0,1.0
1,W5,DC,Beast,65,5.0,54.3,92.7,78.1,57.7,66.1,0,stub-1,1.0,1.0
1,W6,DC,Beast,65,5.0,78.3,58.2,84.2,63.0,67.5,0,stub-1,1.0,1.0
1,W7,DC,Beast,65,5.0,26.3,64.6,64.2,56.1,66.3,0,stub-1,1.0,1.0
1,W0,AC,Extreme,65,5.2,56.7,48.8,76.6,58.4,62.8,0,stub-1,1.0,1.0
1,W1,AC,Extreme,65,5.2,20.9,91.0,66.8,51.6,63.4,0,stub-1,1.0,1.0
1,W2,AC,Extreme,65,5.2,78.3,74.4,83.3,66.7,68.0,0,stub-1,1.0,1.0
1,W3,AC,Extreme,65,5.2,84.9,86.3,86.8,66.7,68.3,0,stub-1,1.0,1.0
1,W4,AC,Extreme,65,5.2,18.2,18.4,64.9,49.7,61.5,0,stub-1,1.0,1.0
1,W5,AC,Extreme,65,5.2,33.5,56.3,71.5,55.3,63.7,0,stub-1,1.0,1.0
1,W6,AC,Extreme,65,5.2,89.9,44.1,92.1,67.8,68.9,0,stub-1,1.0,1.0
1,W7,AC,Extreme,65,5.2,93.8,41.4,90.7,70.1,70.4,0,stub-1,1.0,1.0
1,W0,AC,Extreme,65,5.2,38.2,54.4,78.3,56.1,65.2,0,stub-1,1.0,1.0
1,W1,AC,Extreme,65,5.2,82.5,82.9,84.6,66.4,70.6,0,stub-1,1.0,1.0
1,W2,AC,Extreme,65,5.2,40.5,33.6,72.4,56.9,62.8,0,stub-1,1.0,1.0
1,W3,AC,Extreme,65,5.2,21.9,39.6,67.7,54.4,62.7,0,stub-1,1.0,1.0
1,W4,AC,Extreme,65,5.2,18.9,94.8,67.3,49.3,62.5,0,stub-1,1.0,1.0
1,W5,AC,Extreme,65,5.2,48.8,44.3,77.3,58.5,65.5,0,stub-1,1.0,1.0
1,W6,AC,Extreme,65,5.2,62.8,42.4,76.1,62.2,65.5,0,stub-1,1.0,1.0
1,W7,AC,Extreme,65,5.2,21.2,50.8,66.8,48.7,61.5,0,stub-1,1.0,1.0
1,W0,AC,Extreme,65,5.2,37.0,21.7,70.4,53.1,64.2,0,stub-1,1.0,1.0
1,W1,AC,Extreme,65,5.2,50.2,42.0,75.6,56.2,64.3,0,stub-1,1.0,1.0
1,W2,AC,Extreme,65,5.2,93.0,56.1,89.9,67.8,66.5,0,stub-1,1.0,1.0
1,W3,AC,Extreme,65,5.2,70.8,93.5,84.2,66.7,68.1,0,stub-1,1.0,1.0
1,W4,AC,Extreme,65,5.2,46.8,12.0,77.4,56.7,62.4,0,stub-1,1.0,1.0
1,W5,AC,Extreme,65,5.2,12.0,62.0,66.9,49.0,60.9,0,stub-1,1.0,1.0
1,W6,AC,Extreme,65,5.2,9.7,35.9,65.9,45.7,59.3,0,stub-1,1.0,1.0
1,W7,AC,Extreme,65,5.2,71.0,42.9,83.4,66.7,67.7,0,stub-1,1.0,1.0
1,W0,DC,Extreme,65,5.2,31.0,8.2,76.1,51.7,62.8,0,stub-1,1.0,1.0
1,W1,DC,Extreme,65,5.2,10.5,47.6,61.7,48.4,62.4,0,stub-1,1.0,1.0
1,W2,DC,Extreme,65,5.2,94.1,77.8,88.9,67.9,70.3,0,stub-1,1.0,1.0
1,W3,DC,Extreme,65,5.2,30.0,16.9,73.2,52.2,66.2,0,stub-1,1.0,1.0
1,W4,DC,Extreme,65,5.2,6.3,15.0,66.1,49.5,63.3,0,stub-1,1.0,1.0
1,W5,DC,Extreme,65,5.2,28.5,68.1,73.6,49.1,62.4,0,stub-1,1.0,1.0
1,W6,DC,Extreme,65,5.2,82.6,35.9,88.6,66.7,69.1,0,stub-1,1.0,1.0
1,W7,DC,Extreme,65,5.2,49.6,94.4,76.6,58.1,64.2,0,stub-1,1.0,1.0
1,W0,AC,Quiet,25,3.8,44.6,62.4,60.2,31.8,54.9,0,stub-1,1.0,1.0
1,W1,AC,Quiet,25,3.8,73.0,15.4,71.1,36.7,59.2,0,stub-1,1.0,1.0
1,W2,AC,Quiet,25,3.8,32.1,72.2,55.3,23.1,51.4,0,stub-1,1.0,1.0
1,W3,AC,Quiet,25,3.8,18.1,83.3,54.2,26.6,54.6,0,stub-1,1.0,1.0
1,W4,AC,Quiet,25,3.8,45.4,66.1,63.6,28.1,58.1,0,stub-1,1.0,1.0
1,W5,AC,Quiet,25,3.8,91.1,43.9,74.6,43.7,58.8,0,stub-1,1.0,1.0
1,W6,AC,Quiet,25,3.8,35.1,29.0,59.7,28.0,52.8,0,stub-1,1.0,1.0
1,W7,AC,Quiet,25,3.8,72.4,71.1,70.6,34.5,56.5,0,stub-1,1.0,1.0
1,W0,AC,Quiet,25,3.8,35.4,67.1,57.8,28.6,53.7,0,stub-1,1.0,1.0
1,W1,AC,Quiet,25,3.8,6.1,13.8,42.4,20.7,53.3,0,stub-1,1.0,1.0
1,W2,AC,Quiet,25,3.8,24.7,30.5,53.3,24.1,56.4,0,stub-1,1.0,1.0
1,W3,AC,Quiet,25,3.8,80.2,90.5,73.5,35.5,55.6,0,stub-1,1.0,1.0
1,W4,AC,Quiet,25,3.8,15.8,82.1,53.3,23.6,54.8,0,stub-1,1.0,1.0
1,W5,AC,Quiet,25,3.8,85.6,67.6,69.0,38.9,60.3,0,stub-1,1.0,1.0
1,W6,AC,Quiet,25,3.8,89.3,62.5,74.5,39.1,55.8,0,stub-1,1.0,1.0
1,W7,AC,Quiet,25,3.8,74.3,34.1,70.8,36.5,58.3,0,stub-1,1.0,1.0
1,W0,AC,Quiet,25,3.8,74.9,39.5,67.6,36.8,59.0,0,stub-1,1.0,1.0
1,W1,AC,Quiet,25,3.8,44.7,49.3,58.3,31.1,55.0,0,stub-1,1.0,1.0
1,W2,AC,Quiet,25,3.8,21.1,49.3,55.1,25.5,54.3,0,stub-1,1.0,1.0
1,W3,AC,Quiet,25,3.8,69.4,14.3,70.6,37.2,58.9,0,stub-1,1.0,1.0
1,W4,AC,Quiet,25,3.8,27.6,45.1,55.2,23.7,51.1,0,stub-1,1.0,1.0
1,W5,AC,Quiet,25,3.8,29.0,68.0,48.9,26.9,53.3,0,stub-1,1.0,1.0
1,W6,AC,Quiet,25,3.8,51.4,89.6,57.8,30.5,57.1,0,stub-1,1.0,1.0
1,W7,AC,Quiet,25,3.8,75.7,53.6,64.0,41.4,59.6,0,stub-1,1.0,1.0
1,W0,DC,Quiet,25,3.8,78.6,48.4,62.8,35.2,55.9,0,stub-1,1.0,1.0
1,W1,DC,Quiet,25,3.8,41.1,61.9,61.4,28.6,54.8,0,stub-1,1.0,1.0
1,W2,DC,Quiet,25,3.8,53.1,91.5,64.4,31.9,56.4,0,stub-1,1.0,1.0
1,W3,DC,Quiet,25,3.8,8.5,39.6,43.9,20.8,54.4,0,stub-1,1.0,1.0
1,W4,DC,Quiet,25,3.8,85.7,61.8,70.5,39.6,57.2,0,stub-1,1.0,1.0
1,W5,DC,Quiet,25,3.8,22.4,69.8,48.7,21.2,51.4,0,stub-1,1.0,1.0
1,W6,DC,Quiet,25,3.8,10.7,53.6,47.5,22.5,53.7,0,stub-1,1.0,1.0
1,W7,DC,Quiet,25,3.8,94.6,8.3,71.2,44.5,61.5,0,stub-1,1.0,1.0
1,W0,AC,Balance,40,4.8,8.9,15.6,61.8,27.4,52.4,0,stub-1,1.0,1.0
1,W1,AC,Balance,40,4.8,83.7,18.4,83.9,44.9,59.1,0,stub-1,1.0,1.0
1,W2,AC,Balance,40,4.8,8.3,17.7,58.2,28.2,55.3,0,stub-1,1.0,1.0
1,W3,AC,Balance,40,4.8,16.7,20.5,62.2,33.8,57.2,0,stub-1,1.0,1.0
1,W4,AC,Balance,40,4.8,76.4,46.1,82.4,49.5,62.6,0,stub-1,1.0,1.0
1,W5,AC,Balance,40,4.8,76.9,24.9,79.4,47.9,60.3,0,stub-1,1.0,1.0
1,W6,AC,Balance,40,4.8,78.0,93.4,79.9,45.9,63.0,0,stub-1,1.0,1.0
1,W7,AC,Balance,40,4.8,17.4,80.3,62.2,33.2,54.2,0,stub-1,1.0,1.0
1,W0,AC,Balance,40,4.8,58.4,35.2,76.3,43.4,58.2,0,stub-1,1.0,1.0
1,W1,AC,Balance,40,4.8,54.8,44.5,76.4,42.2,59.6,0,stub-1,1.0,1.0
1,W2,AC,Balance,40,4.8,14.0,81.3,57.8,29.2,57.0,1,stub-1,1.0,1.0
1,W3,AC,Balance,40,4.8,21.1,13.0,64.3,30.9,53.3,0,stub-1,1.0,1.0
1,W4,AC,Balance,40,4.8,42.5,77.7,71.0,35.6,58.0,0,stub-1,1.0,1.0
1,W5,AC,Balance,40,4.8,42.1,89.4,74.4,38.1,58.1,0,stub-1,1.0,1.0
1,W6,AC,Balance,40,4.8,21.2,50.0,68.0,32.4,56.6,0,stub-1,1.0,1.0
1,W7,AC,Balance,40,4.8,5.4,26.2,56.5,31.2,57.2,0,stub-1,1.0,1.0
1,W0,AC,Balance,40,4.8,13.6,37.6,61.9,28.9,55.6,0,stub-1,1.0,1.0
1,W1,AC,Balance,40,4.8,64.3,29.9,82.0,45.3,63.4,0,stub-1,1.0,1.0
1,W2,AC,Balance,40,4.8,66.7,92.2,75.8,44.9,60.5,0,stub-1,1.0,1.0
1,W3,AC,Balance,40,4.8,30.7,44.1,66.0,33.8,59.2,0,stub-1,1.0,1.0
1,W4,AC,Balance,40,4.8,73.3,8.9,79.2,41.8,60.8,0,stub-1,1.0,1.0
1,W5,AC,Balance,40,4.8,15.4,85.6,66.9,31.4,54.0,0,stub-1,1.0,1.0
1,W6,AC,Balance,40,4.8,34.3,22.9,66.7,35.0,57.5,0,stub-1,1.0,1.0
1,W7,AC,Balance,40,4.8,13.8,71.4,59.1,32.8,55.4,0,stub-1,1.0,1.0
1,W0,DC,Balance,40,4.8,24.9,47.4,58.8,34.6,59.2,0,stub-1,1.0,1.0
1,W1,DC,Balance,40,4.8,45.9,39.9,76.8,41.6,61.4,0,stub-1,1.0,1.0
1,W2,DC,Balance,40,4.8,61.9,92.8,76.6,44.5,60.4,0,stub-1,1.0,1.0
1,W3,DC,Balance,40,4.8,81.6,46.3,81.1,49.3,63.5,0,stub-1,1.0,1.0
1,W4,DC,Balance,40,4.8,84.8,59.3,84.1,46.4,60.6,0,stub-1,1.0,1.0
1,W5,DC,Balance,40,4.8,82.0,12.8,81.0,49.9,61.1,0,stub-1,1.0,1.0
1,W6,DC,Balance,40,4.8,94.6,58.2,87.2,50.3,62.3,0,stub-1,1.0,1.0
1,W7,DC,Balance,40,4.8,27.2,34.5,60.9,31.1,54.4,0,stub-1,1.0,1.0
1,W0,AC,Beast,65,5.0,58.3,18.4,77.2,60.0,66.4,0,stub-1,1.0,1.0
1,W1,AC,Beast,65,5.0,47.4,74.2,74.1,59.7,66.3,0,stub-1,1.0,1.0
1,W2,AC,Beast,65,5.0,48.1,76.8,75.9,55.6,64.6,1,stub-1,1.0,1.0
1,W3,AC,Beast,65,5.0,70.9,90.5,85.1,64.3,68.4,0,stub-1,1.0,1.0
1,W4,AC,Beast,65,5.0,63.3,13.2,76.4,61.5,65.7,0,stub-1,1.0,1.0
1,W5,AC,Beast,65,5.0,7.2,45.9,56.5,47.9,58.7,0,stub-1,1.0,1.0
1,W6,AC,Beast,65,5.0,41.5,76.1,70.1,57.5,63.1,0,stub-1,1.0,1.0
1,W7,AC,Beast,65,5.0,11.4,85.4,59.0,48.1,62.2,0,stub-1,1.0,1.0
1,W0,AC,Beast,65,5.0,43.3,29.3,76.5,55.5,65.2,0,stub-1,1.0,1.0
1,W1,AC,Beast,65,5.0,12.3,84.3,58.6,48.5,61.5,0,stub-1,1.0,1.0
1,W2,AC,Beast,65,5.0,90.1,65.7,88.1,67.4,67.2,0,stub-1,1.0,1.0
1,W3,AC,Beast,65,5.0,20.8,55.3,69.3,53.6,64.7,0,stub-1,1.0,1.0
1,W4,AC,Beast,65,5.0,23.4,93.3,67.1,52.3,59.8,0,stub-1,1.0,1.0
1,W5,AC,Beast,65,5.0,91.3,23.9,88.4,68.3,67.8,0,stub-1,1.0,1.0
1,W6,AC,Beast,65,5.0,36.7,29.1,70.0,53.2,64.9,0,stub-1,1.0,1.0
1,W7,AC,Beast,65,5.0,48.8,52.4,75.7,59.9,67.6,0,stub-1,1.0,1.0
1,W0,AC,Beast,65,5.0,66.0,53.0,78.7,64.7,68.8,0,stub-1,1.0,1.0
1,W1,AC,Beast,65,5.0,77.8,89.7,76.5,68.8,70.4,0,stub-1,1.0,1.0
1,W2,AC,Beast,65,5.0,46.2,12.2,75.8,56.1,65.3,0,stub-1,1.0,1.0
1,W3,AC,Beast,65,5.0,67.7,49.7,79.9,64.1,66.2,0,stub-1,1.0,1.0
1,W4,AC,Beast,65,5.0,61.5,31.4,82.1,60.4,67.1,0,stub-1,1.0,1.0
1,W5,AC,Beast,65,5.0,63.0,31.2,80.9,65.0,68.9,0,stub-1,1.0,1.0
1,W6,AC,Beast,65,5.0,25.9,90.3,65.9,50.4,61.4,0,stub-1,1.0,1.0
1,W7,AC,Beast,65,5.0,34.4,58.4,73.9,52.8,60.8,0,stub-1,1.0,1.0
1,W0,DC,Beast,65,5.0,45.1,32.4,77.1,59.4,66.3,0,stub-1,1.0,1.0
1,W1,DC,Beast,65,5.0,48.6,92.4,76.6,57.7,64.7,0,stub-1,1.0,1.0
1,W2,DC,Beast,65,5.0,36.8,46.0,74.5,58.6,65.2,0,stub-1,1.0,1.0
1,W3,DC,Beast,65,5.0,80.5,67.4,81.8,65.1,67.0,0,stub-1,1.0,1.0
1,W4,DC,Beast,65,5.0,26.4,8.7,67.3,53.1,63.5,0,stub-1,1.0,1.0
1,W5,DC,Beast,65,5.0,8.1,33.5,64.3,46.5,62.5,0,stub-1,1.0,1.0
1,W6,DC,Beast,65,5.0,53.6,19.6,73.9,63.2,65.7,0,stub-1,1.0,1.0
1,W7,DC,Beast,65,5.0,18.1,46.2,67.4,49.9,62.6,0,stub-1,1.0,1.0
1,W0,AC,Extreme,65,5.2,71.5,92.8,81.5,66.1,66.9,0,stub-1,1.0,1.0
1,W1,AC,Extreme,65,5.2,90.0,93.3,89.8,67.0,68.1,0,stub-1,1.0,1.0
1,W2,AC,Extreme,65,5.2,55.9,86.6,74.9,60.6,65.8,0,stub-1,1.0,1.0
1,W3,AC,Extreme,65,5.2,54.6,32.7,72.4,56.0,66.3,0,stub-1,1.0,1.0
1,W4,AC,Extreme,65,5.2,45.1,13.3,80.0,57.8,64.3,0,stub-1,1.0,1.0
1,W5,AC,Extreme,65,5.2,30.0,7.0,70.3,50.9,62.4,0,stub-1,1.0,1.0
1,W6,AC,Extreme,65,5.2,65.4,12.9,80.1,61.8,65.8,0,stub-1,1.0,1.0
1,W7,AC,Extreme,65,5.2,89.9,86.8,93.1,67.2,69.2,0,stub-1,1.0,1.0
1,W0,AC,Extreme,65,5.2,81.8,38.3,85.2,67.1,66.0,0,stub-1,1.0,1.0
1,W1,AC,Extreme,65,5.2,83.7,12.9,94.2,66.1,66.5,0,stub-1,1.0,1.0
1,W2,AC,Extreme,65,5.2,94.3,77.3,89.4,72.6,72.0,0,stub-1,1.0,1.0
1,W3,AC,Extreme,65,5.2,17.6,57.8,67.1,51.1,63.4,0,stub-1,1.0,1.0
1,W4,AC,Extreme,65,5.2,47.7,83.1,77.8,57.4,67.5,0,stub-1,1.0,1.0
1,W5,AC,Extreme,65,5.2,41.9,87.3,73.7,53.8,64.8,0,stub-1,1.0,1.0
1,W6,AC,Extreme,65,5.2,68.9,73.0,84.3,63.7,65.9,0,stub-1,1.0,1.0
1,W7,AC,Extreme,65,5.2,8.8,79.4,67.6,48.6,60.9,0,stub-1,1.0,1.0
1,W0,AC,Extreme,65,5.2,55.3,46.7,79.2,59.4,65.5,0,stub-1,1.0,1.0
1,W1,AC,Extreme,65,5.2,80.1,47.5,93.9,63.1,64.5,0,stub-1,1.0,1.0
1,W2,AC,Extreme,65,5.2,42.5,49.3,74.3,54.8,65.0,0,stub-1,1.0,1.0
1,W3,AC,Extreme,65,5.2,11.0,72.1,67.3,46.0,60.2,0,stub-1,1.0,1.0
1,W4,AC,Extreme,65,5.2,83.2,61.5,82.8,66.7,69.7,0,stub-1,1.0,1.0
1,W5,AC,Extreme,65,5.2,81.1,19.7,89.2,67.4,69.1,0,stub-1,1.0,1.0
1,W6,AC,Extreme,65,5.2,84.0,17.2,88.9,67.9,65.9,0,stub-1,1.0,1.0
1,W7,AC,Extreme,65,5.2,37.0,31.1,76.7,50.1,61.9,0,stub-1,1.0,1.0
1,W0,DC,Extreme,65,5.2,51.2,74.0,78.3,59.1,65.7,0,stub-1,1.0,1.0
1,W1,DC,Extreme,65,5.2,83.5,79.4,83.7,65.7,66.8,0,stub-1,1.0,1.0
1,W2,DC,Extreme,65,5.2,66.7,67.0,85.7,63.7,67.4,0,stub-1,1.0,1.0
1,W3,DC,Extreme,65,5.2,38.6,48.6,73.5,52.8,66.3,0,stub-1,1.0,1.0
1,W4,DC,Extreme,65,5.2,14.2,18.9,67.0,50.3,64.3,0,stub-1,1.0,1.0
1,W5,DC,Extreme,65,5.2,52.3,52.9,75.6,55.4,63.6,0,stub-1,1.0,1.0
1,W6,DC,Extreme,65,5.2,15.3,46.4,71.9,51.0,64.4,0,stub-1,1.0,1.0
1,W7,DC,Extreme,65,5.2,33.0,37.6,70.7,55.5,61.5,0,stub-1,1.0,1.0
1,W0,AC,Quiet,25,3.8,58.8,73.7,60.7,34.8,59.9,0,stub-1,1.0,1.0
1,W1,AC,Quiet,25,3.8,25.0,82.1,54.1,24.7,54.5,0,stub-1,1.0,1.0
1,W2,AC,Quiet,25,3.8,16.3,16.7,54.5,23.0,53.2,0,stub-1,1.0,1.0
1,W3,AC,Quiet,25,3.8,73.2,8.8,66.4,38.6,60.2,0,stub-1,1.0,1.0
1,W4,AC,Quiet,25,3.8,51.2,10.3,62.6,31.3,58.0,0,stub-1,1.0,1.0
1,W5,AC,Quiet,25,3.8,75.4,87.8,70.0,37.5,61.2,0,stub-1,1.0,1.0
1,W6,AC,Quiet,25,3.8,21.6,36.6,57.0,25.0,57.2,0,stub-1,1.0,1.0
1,W7,AC,Quiet,25,3.8,36.3,19.5,53.9,23.3,53.2,0,stub-1,1.0,1.0
1,W0,AC,Quiet,25,3.8,26.8,56.3,56.8,25.7,55.0,0,stub-1,1.0,1.0
1,W1,AC,Quiet,25,3.8,22.2,30.4,52.5,25.1,52.7,0,stub-1,1.0,1.0
1,W2,AC,Quiet,25,3.8,92.6,13.9,74.2,43.0,59.7,0,stub-1,1.0,1.0
1,W3,AC,Quiet,25,3.8,44.6,91.2,56.2,29.4,56.6,0,stub-1,1.0,1.0
1,W4,AC,Quiet,25,3.8,39.2,24.3,57.6,28.3,55.7,0,stub-1,1.0,1.0
1,W5,AC,Quiet,25,3.8,17.2,73.6,50.6,21.1,50.5,0,stub-1,1.0,1.0
1,W6,AC,Quiet,25,3.8,8.7,34.5,50.0,20.7,51.2,0,stub-1,1.0,1.0
1,W7,AC,Quiet,25,3.8,92.9,45.0,71.9,39.2,58.3,0,stub-1,1.0,1.0
1,W0,AC,Quiet,25,3.8,82.0,22.0,75.4,39.6,56.6,0,stub-1,1.0,1.0
1,W1,AC,Quiet,25,3.8,21.1,94.9,52.6,21.8,52.7,0,stub-1,1.0,1.0
1,W2,AC,Quiet,25,3.8,44.4,64.3,60.4,29.2,53.6,0,stub-1,1.0,1.0
1,W3,AC,Quiet,25,3.8,88.3,93.0,74.4,44.6,62.2,0,stub-1,1.0,1.0
1,W4,AC,Quiet,25,3.8,35.5,58.5,57.8,26.3,55.5,0,stub-1,1.0,1.0
1,W5,AC,Quiet,25,3.8,69.2,57.4,62.3,34.3,59.6,0,stub-1,1.0,1.0
1,W6,AC,Quiet,25,3.8,62.9,41.0,60.5,33.6,55.4,0,stub-1,1.0,1.0
1,W7,AC,Quiet,25,3.8,30.1,74.1,56.6,26.2,54.9,0,stub-1,1.0,1.0
1,W0,DC,Quiet,25,3.8,49.8,61.6,61.4,30.6,56.3,0,stub-1,1.0,1.0
1,W1,DC,Quiet,25,3.8,66.0,92.5,65.8,31.8,57.6,0,stub-1,1.0,1.0
1,W2,DC,Quiet,25,3.8,18.7,61.0,52.2,22.6,53.0,0,stub-1,1.0,1.0
1,W3,DC,Quiet,25,3.8,23.2,64.6,47.4,21.7,52.7,0,stub-1,1.0,1.0
1,W4,DC,Quiet,25,3.8,35.9,82.4,49.3,25.1,55.3,0,stub-1,1.0,1.0
1,W5,DC,Quiet,25,3.8,39.5,33.3,58.1,25.8,55.2,0,stub-1,1.0,1.0
1,W6,DC,Quiet,25,3.8,8.0,55.1,49.6,18.2,50.9,0,stub-1,1.0,1.0
1,W7,DC,Quiet,25,3.8,17.1,69.4,47.4,20.8,52.3,0,stub-1,1.0,1.0
1,W0,AC,Balance,40,4.8,65.8,64.4,75.8,42.0,56.8,0,stub-1,1.0,1.0
1,W1,AC,Balance,40,4.8,50.6,40.2,73.7,35.3,57.5,0,stub-1,1.0,1.0
1,W2,AC,Balance,40,4.8,60.5,36.7,78.4,42.9,60.5,0,stub-1,1.0,1.0
1,W3,AC,Balance,40,4.8,36.4,71.8,68.7,41.3,60.0,0,stub-1,1.0,1.0
1,W4,AC,Balance,40,4.8,35.7,13.8,66.7,38.5,57.2,0,stub-1,1.0,1.0
1,W5,AC,Balance,40,4.8,63.3,58.3,80.1,44.5,60.3,0,stub-1,1.0,1.0
1,W6,AC,Balance,40,4.8,32.4,35.4,70.0,36.3,54.8,0,stub-1,1.0,1.0
1,W7,AC,Balance,40,4.8,56.1,86.1,75.9,41.7,61.9,0,stub-1,1.0,1.0
1,W0,AC,Balance,40,4.8,57.9,93.7,72.8,43.9,57.9,0,stub-1,1.0,1.0
1,W1,AC,Balance,40,4.8,14.0,65.8,59.4,30.3,57.1,0,stub-1,1.0,1.0
1,W2,AC,Balance,40,4.8,73.8,35.6,77.6,45.2,59.2,0,stub-1,1.0,1.0
1,W3,AC,Balance,40,4.8,75.8,80.6,81.7,45.4,60.6,0,stub-1,1.0,1.0
1,W4,AC,Balance,40,4.8,9.3,94.7,58.6,31.1,55.9,0,stub-1,1.0,1.0
1,W5,AC,Balance,40,4.8,13.5,35.3,60.3,34.7,58.2,0,stub-1,1.0,1.0
1,W6,AC,Balance,40,4.8,47.8,23.9,73.2,37.2,57.1,0,stub-1,1.0,1.0
1,W7,AC,Balance,40,4.8,44.0,53.6,75.9,39.6,60.3,0,stub-1,1.0,1.0
1,W0,AC,Balance,40,4.8,61.2,45.8,76.1,42.1,62.0,0,stub-1,1.0,1.0
1,W1,AC,Balance,40,4.8,82.6,56.9,82.9,49.8,66.2,0,stub-1,1.0,1.0
1,W2,AC,Balance,40,4.8,71.8,47.1,82.6,45.0,58.8,0,stub-1,1.0,1.0
1,W3,AC,Balance,40,4.8,56.0,61.4,71.0,40.1,58.8,0,stub-1,1.0,1.0
1,W4,AC,Balance,40,4.8,18.3,18.5,62.1,31.0,54.7,0,stub-1,1.0,1.0
1,W5,AC,Balance,40,4.8,10.8,23.3,61.9,27.5,56.1,0,stub-1,1.0,1.0
1,W6,AC,Balance,40,4.8,63.1,28.1,74.1,42.6,60.6,0,stub-1,1.0,1.0
1,W7,AC,Balance,40,4.8,27.1,79.5,67.0,32.3,56.7,0,stub-1,1.0,1.0
1,W0,DC,Balance,40,4.8,44.3,63.2,72.6,39.3,59.5,0,stub-1,1.0,1.0
1,W1,DC,Balance,40,4.8,77.3,64.3,82.5,49.1,64.8,0,stub-1,1.0,1.0
1,W2,DC,Balance,40,4.8,91.7,48.7,91.0,51.4,64.8,0,stub-1,1.0,1.0
1,W3,DC,Balance,40,4.8,86.1,41.6,85.5,47.6,63.3,0,stub-1,1.0,1.0
1,W4,DC,Balance,40,4.8,13.1,89.9,61.3,30.2,57.4,0,stub-1,1.0,1.0
1,W5,DC,Balance,40,4.8,52.0,79.6,76.4,45.4,59.8,0,stub-1,1.0,1.0
1,W6,DC,Balance,40,4.8,27.7,84.6,66.0,35.9,58.0,0,stub-1,1.0,1.0
1,W7,DC,Balance,40,4.8,57.6,40.1,72.4,42.4,58.7,0,stub-1,1.0,1.0
1,W0,AC,Beast,65,5.0,43.1,18.0,76.5,61.0,65.3,0,stub-1,1.0,1.0
1,W1,AC,Beast,65,5.0,58.1,49.1,78.3,56.6,67.4,0,stub-1,1.0,1.0
1,W2,AC,Beast,65,5.0,33.5,43.1,66.9,49.2,64.8,0,stub-1,1.0,1.0
1,W3,AC,Beast,65,5.0,69.4,78.9,76.0,68.0,69.3,0,stub-1,1.0,1.0
1,W4,AC,Beast,65,5.0,59.5,80.7,74.1,56.3,63.8,0,stub-1,1.0,1.0
1,W5,AC,Beast,65,5.0,54.7,32.8,71.5,61.0,66.0,0,stub-1,1.0,1.0
1,W6,AC,Beast,65,5.0,78.1,16.0,87.4,62.1,64.2,0,stub-1,1.0,1.0
1,W7,AC,Beast,65,5.0,40.4,93.0,76.4,55.6,65.1,0,stub-1,1.0,1.0
1,W0,AC,Beast,65,5.0,79.0,26.2,85.3,69.3,71.1,0,stub-1,1.0,1.0
1,W1,AC,Beast,65,5.0,84.2,74.0,83.1,66.1,68.4,0,stub-1,1.0,1.0
1,W2,AC,Beast,65,5.0,83.0,79.1,88.0,65.4,65.4,0,stub-1,1.0,1.0
1,W3,AC,Beast,65,5.0,83.9,78.8,88.2,67.9,66.7,0,stub-1,1.0,1.0
1,W4,AC,Beast,65,5.0,50.6,36.7,70.8,55.9,64.5,1,stub-1,1.0,1.0
1,W5,AC,Beast,65,5.0,9.7,62.7,59.6,45.5,59.0,0,stub-1,1.0,1.0
1,W6,AC,Beast,65,5.0,17.2,41.1,63.4,48.6,62.8,0,stub-1,1.0,1.0
1,W7,AC,Beast,65,5.0,51.5,92.3,76.3,60.0,63.8,0,stub-1,1.0,1.0
1,W0,AC,Beast,65,5.0,81.2,66.7,85.1,64.1,65.0,0,stub-1,1.0,1.0
1,W1,AC,Beast,65,5.0,28.5,66.9,69.2,54.3,61.6,0,stub-1,1.0,1.0
1,W2,AC,Beast,65,5.0,22.9,42.3,69.4,54.9,67.2,0,stub-1,1.0,1.0
1,W3,AC,Beast,65,5.0,90.3,88.1,85.0,66.4,66.6,0,stub-1,1.0,1.0
1,W4,AC,Beast,65,5.0,86.6,92.7,87.5,70.1,70.3,0,stub-1,1.0,1.0
1,W5,AC,Beast,65,5.0,28.4,13.0,71.2,49.3,64.9,0,stub-1,1.0,1.0
1,W6,AC,Beast,65,5.0,15.6,69.7,58.5,51.2,60.8,0,stub-1,1.0,1.0
1,W7,AC,Beast,65,5.0,15.7,69.2,66.0,50.9,65.6,0,stub-1,1.0,1.0
1,W0,DC,Beast,65,5.0,75.4,30.9,81.0,64.4,68.8,0,stub-1,1.0,1.0
1,W1,DC,Beast,65,5.0,94.6,30.5,85.2,68.2,67.5,0,stub-1,1.0,1.0
1,W2,DC,Beast,65,5.0,41.8,18.1,71.9,57.5,62.7,0,stub-1,1.0,1.0
1,W3,DC,Beast,65,5.0,66.6,46.2,75.6,63.2,67.2,0,stub-1,1.0,1.0
1,W4,DC,Beast,65,5.0,34.1,67.4,68.4,51.1,62.3,0,stub-1,1.0,1.0
1,W5,DC,Beast,65,5.0,13.6,10.3,59.3,48.2,62.8,0,stub-1,1.0,1.0
1,W6,DC,Beast,65,5.0,86.7,94.7,93.3,65.2,65.8,0,stub-1,1.0,1.0
1,W7,DC,Beast,65,5.0,9.1,27.8,59.8,46.5,60.4,0,stub-1,1.0,1.0
1,W0,AC,Extreme,65,5.2,40.5,38.4,78.3,55.1,63.3,0,stub-1,1.0,1.0
1,W1,AC,Extreme,65,5.2,50.3,88.7,76.4,58.9,65.0,0,stub-1,1.0,1.0
1,W2,AC,Extreme,65,5.2,33.6,52.7,73.4,54.7,64.9,0,stub-1,1.0,1.0
1,W3,AC,Extreme,65,5.2,80.1,72.3,86.9,67.0,67.9,0,stub-1,1.0,1.0
1,W4,AC,Extreme,65,5.2,83.9,60.2,87.7,64.9,66.5,0,stub-1,1.0,1.0
1,W5,AC,Extreme,65,5.2,94.5,73.7,96.6,71.4,72.4,0,stub-1,1.0,1.0
1,W6,AC,Extreme,65,5.2,64.2,76.8,83.3,61.9,66.7,0,stub-1,1.0,1.0
1,W7,AC,Extreme,65,5.2,28.4,68.5,71.7,46.6,63.2,0,stub-1,1.0,1.0
1,W0,AC,Extreme,65,5.2,88.4,8.7,86.0,70.1,67.8,0,stub-1,1.0,1.0
1,W1,AC,Extreme,65,5.2,81.1,83.0,87.1,66.4,68.7,0,stub-1,1.0,1.0
1,W2,AC,Extreme,65,5.2,83.1,21.3,89.1,68.4,68.5,0,stub-1,1.0,1.0
1,W3,AC,Extreme,65,5.2,57.5,92.4,85.9,57.3,64.7,0,stub-1,1.0,1.0
1,W4,AC,Extreme,65,5.2,42.5,11.9,75.7,53.1,63.9,0,stub-1,1.0,1.0
1,W5,AC,Extreme,65,5.2,66.3,40.5,81.8,57.9,63.3,0,stub-1,1.0,1.0
1,W6,AC,Extreme,65,5.2,80.3,18.8,91.4,67.4,67.7,0,stub-1,1.0,1.0
1,W7,AC,Extreme,65,5.2,91.0,58.5,86.9,73.5,70.9,0,stub-1,1.0,1.0
1,W0,AC,Extreme,65,5.2,64.1,90.6,79.4,64.4,67.2,0,stub-1,1.0,1.0
1,W1,AC,Extreme,65,5.2,56.2,24.0,71.8,62.3,67.5,0,stub-1,1.0,1.0
1,W2,AC,Extreme,65,5.2,34.1,10.0,79.3,56.1,63.5,0,stub-1,1.0,1.0
1,W3,AC,Extreme,65,5.2,91.9,82.9,92.0,71.8,71.7,0,stub-1,1.0,1.0
1,W4,AC,Extreme,65,5.2,19.7,75.2,67.2,53.7,63.4,0,stub-1,1.0,1.0
1,W5,AC,Extreme,65,5.2,43.9,77.6,74.3,55.4,66.5,0,stub-1,1.0,1.0
1,W6,AC,Extreme,65,5.2,16.8,64.9,69.2,47.6,58.6,0,stub-1,1.0,1.0
1,W7,AC,Extreme,65,5.2,47.9,55.7,77.2,54.5,65.2,0,stub-1,1.0,1.0
1,W0,DC,Extreme,65,5.2,78.0,60.2,82.9,65.8,69.4,0,stub-1,1.0,1.0
1,W1,DC,Extreme,65,5.2,46.7,25.2,77.1,56.7,64.1,0,stub-1,1.0,1.0
1,W2,DC,Extreme,65,5.2,49.6,61.7,74.8,57.6,62.2,0,stub-1,1.0,1.0
1,W3,DC,Extreme,65,5.2,18.4,16.5,70.4,53.2,62.0,0,stub-1,1.0,1.0
1,W4,DC,Extreme,65,5.2,52.1,31.6,79.2,58.8,66.3,0,stub-1,1.0,1.0
1,W5,DC,Extreme,65,5.2,13.5,64.5,66.9,47.5,61.1,0,stub-1,1.0,1.0
1,W6,DC,Extreme,65,5.2,27.9,12.4,69.3,52.5,62.9,0,stub-1,1.0,1.0
1,W7,DC,Extreme,65,5.2,21.4,40.4,67.2,54.4,65.6,0,stub-1,1.0,1.0
1,W0,AC,Quiet,25,3.8,31.8,57.8,50.8,26.3,53.4,0,stub-1,1.0,1.0
1,W1,AC,Quiet,25,3.8,92.0,83.4,71.5,41.0,60.2,0,stub-1,1.0,1.0
1,W2,AC,Quiet,25,3.8,72.2,59.4,68.3,34.9,57.0,0,stub-1,1.0,1.0
1,W3,AC,Quiet,25,3.8,20.5,47.9,51.7,21.2,49.6,0,stub-1,1.0,1.0
1,W4,AC,Quiet,25,3.8,91.9,59.2,69.0,40.7,60.6,0,stub-1,1.0,1.0
1,W5,AC,Quiet,25,3.8,67.1,40.5,65.3,33.9,57.6,0,stub-1,1.0,1.0
1,W6,AC,Quiet,25,3.8,6.2,15.1,55.4,19.6,52.5,0,stub-1,1.0,1.0
1,W7,AC,Quiet,25,3.8,63.4,63.5,63.0,30.8,56.6,0,stub-1,1.0,1.0
1,W0,AC,Quiet,25,3.8,76.1,22.2,67.4,38.6,58.2,0,stub-1,1.0,1.0
1,W1,AC,Quiet,25,3.8,19.9,18.7,51.7,21.0,48.6,0,stub-1,1.0,1.0
1,W2,AC,Quiet,25,3.8,47.4,82.4,58.1,28.7,52.5,1,stub-1,1.0,1.0
1,W3,AC,Quiet,25,3.8,5.7,61.7,44.9,17.6,47.1,0,stub-1,1.0,1.0
1,W4,AC,Quiet,25,3.8,81.4,71.3,66.9,36.4,57.3,0,stub-1,1.0,1.0
1,W5,AC,Quiet,25,3.8,58.2,60.0,66.4,30.5,53.2,0,stub-1,1.0,1.0
1,W6,AC,Quiet,25,3.8,48.9,69.3,57.2,29.4,55.1,0,stub-1,1.0,1.0
1,W7,AC,Quiet,25,3.8,85.4,42.5,72.2,36.5,58.1,0,stub-1,1.0,1.0
1,W0,AC,Quiet,25,3.8,89.5,36.2,72.3,39.5,58.6,0,stub-1,1.0,1.0
1,W1,AC,Quiet,25,3.8,35.9,25.9,58.3,27.3,57.8,0,stub-1,1.0,1.0
1,W2,AC,Quiet,25,3.8,35.5,59.2,58.7,23.9,54.2,0,stub-1,1.0,1.0
1,W3,AC,Quiet,25,3.8,91.4,80.0,74.8,38.8,56.4,0,stub-1,1.0,1.0
1,W4,AC,Quiet,25,3.8,76.6,77.0,70.9,34.3,56.5,0,stub-1,1.0,1.0
1,W5,AC,Quiet,25,3.8,16.6,23.0,55.5,20.9,51.9,0,stub-1,1.0,1.0
1,W6,AC,Quiet,25,3.8,42.4,94.4,57.7,29.4,55.6,0,stub-1,1.0,1.0
1,W7,AC,Quiet,25,3.8,84.3,37.1,71.1,40.6,61.6,0,stub-1,1.0,1.0
1,W0,DC,Quiet,25,3.8,85.5,7.9,74.2,39.7,58.3,0,stub-1,1.0,1.0
1,W1,DC,Quiet,25,3.8,25.2,28.2,52.1,22.8,54.2,0,stub-1,1.0,1.0
1,W2,DC,Quiet,25,3.8,9.2,84.0,48.2,20.9,51.7,0,stub-1,1.0,1.0
1,W3,DC,Quiet,25,3.8,68.6,88.4,62.8,32.6,57.0,0,stub-1,1.0,1.0
1,W4,DC,Quiet,25,3.8,80.7,15.0,73.1,39.4,59.5,0,stub-1,1.0,1.0
1,W5,DC,Quiet,25,3.8,8.8,14.5,41.1,16.9,48.7,0,stub-1,1.0,1.0
1,W6,DC,Quiet,25,3.8,87.0,19.1,70.8,41.3,57.0,0,stub-1,1.0,1.0
1,W7,DC,Quiet,25,3.8,13.9,63.2,49.6,20.4,52.9,0,stub-1,1.0,1.0
1,W0,AC,Balance,40,4.8,81.4,44.5,77.6,50.1,62.6,0,stub-1,1.0,1.0
1,W1,AC,Balance,40,4.8,35.7,50.5,73.8,38.6,59.2,0,stub-1,1.0,1.0
1,W2,AC,Balance,40,4.8,72.9,37.5,78.6,45.2,60.9,0,stub-1,1.0,1.0
1,W3,AC,Balance,40,4.8,77.2,42.2,77.6,45.4,61.8,0,stub-1,1.0,1.0
1,W4,AC,Balance,40,4.8,81.7,76.5,81.6,48.8,62.2,0,stub-1,1.0,1.0
1,W5,AC,Balance,40,4.8,89.9,12.6,84.9,48.2,65.8,0,stub-1,1.0,1.0
1,W6,AC,Balance,40,4.8,19.8,10.5,63.8,30.0,53.5,0,stub-1,1.0,1.0
1,W7,AC,Balance,40,4.8,10.2,61.8,55.6,29.9,53.3,0,stub-1,1.0,1.0
1,W0,AC,Balance,40,4.8,51.8,31.6,69.4,42.7,58.7,0,stub-1,1.0,1.0
1,W1,AC,Balance,40,4.8,71.8,86.8,78.3,47.6,61.7,0,stub-1,1.0,1.0
1,W2,AC,Balance,40,4.8,52.5,87.8,72.3,39.1,59.2,0,stub-1,1.0,1.0
1,W3,AC,Balance,40,4.8,63.7,67.8,80.3,46.6,59.6,0,stub-1,1.0,1.0
1,W4,AC,Balance,40,4.8,41.4,22.8,69.8,38.9,57.4,0,stub-1,1.0,1.0
1,W5,AC,Balance,40,4.8,16.3,94.3,66.7,31.9,56.8,0,stub-1,1.0,1.0
1,W6,AC,Balance,40,4.8,54.7,51.9,74.1,40.5,61.8,0,stub-1,1.0,1.0
1,W7,AC,Balance,40,4.8,58.3,26.7,76.0,43.1,57.7,0,stub-1,1.0,1.0
1,W0,AC,Balance,40,4.8,93.8,14.9,88.4,52.2,62.3,0,stub-1,1.0,1.0
1,W1,AC,Balance,40,4.8,9.3,63.6,58.4,31.5,56.9,0,stub-1,1.0,1.0
1,W2,AC,Balance,40,4.8,71.3,45.8,84.4,45.4,62.8,0,stub-1,1.0,1.0
1,W3,AC,Balance,40,4.8,61.5,53.0,75.8,41.8,58.9,0,stub-1,1.0,1.0
1,W4,AC,Balance,40,4.8,30.6,75.6,65.8,32.7,56.1,0,stub-1,1.0,1.0
1,W5,AC,Balance,40,4.8,34.5,57.4,64.4,37.5,56.8,0,stub-1,1.0,1.0
1,W6,AC,Balance,40,4.8,13.8,69.0,62.3,30.7,58.7,0,stub-1,1.0,1.0
1,W7,AC,Balance,40,4.8,47.9,45.2,74.4,38.3,59.7,0,stub-1,1.0,1.0
1,W0,DC,Balance,40,4.8,57.9,51.7,73.1,43.4,58.6,0,stub-1,1.0,1.0
1,W1,DC,Balance,40,4.8,44.6,88.8,71.0,33.8,57.1,0,stub-1,1.0,1.0
1,W2,DC,Balance,40,4.8,79.1,18.0,84.6,50.0,64.1,0,stub-1,1.0,1.0
1,W3,DC,Balance,40,4.8,15.6,24.1,65.7,28.6,55.4,0,stub-1,1.0,1.0
1,W4,DC,Balance,40,4.8,90.0,38.2,88.5,49.7,61.7,0,stub-1,1.0,1.0
1,W5,DC,Balance,40,4.8,8.6,18.8,61.0,25.9,57.4,0,stub-1,1.0,1.0
1,W6,DC,Balance,40,4.8,32.3,48.7,67.7,35.0,56.9,0,stub-1,1.0,1.0
1,W7,DC,Balance,40,4.8,85.5,85.0,82.7,50.2,65.3,0,stub-1,1.0,1.0
1,W0,AC,Beast,65,5.0,49.0,16.0,71.2,61.0,64.7,0,stub-1,1.0,1.0
1,W1,AC,Beast,65,5.0,55.9,86.0,78.7,59.9,64.3,0,stub-1,1.0,1.0
1,W2,AC,Beast,65,5.0,69.8,59.5,81.2,60.6,64.6,0,stub-1,1.0,1.0
1,W3,AC,Beast,65,5.0,83.0,34.3,85.7,67.2,66.4,0,stub-1,1.0,1.0
1,W4,AC,Beast,65,5.0,41.9,26.0,69.6,57.5,68.2,0,stub-1,1.0,1.0
1,W5,AC,Beast,65,5.0,63.1,82.9,77.3,60.6,64.3,0,stub-1,1.0,1.0
1,W6,AC,Beast,65,5.0,76.7,68.7,81.6,64.3,66.6,0,stub-1,1.0,1.0
1,W7,AC,Beast,65,5.0,60.7,56.9,77.5,63.1,67.7,0,stub-1,1.0,1.0
1,W0,AC,Beast,65,5.0,22.0,47.8,67.8,50.4,63.5,0,stub-1,1.0,1.0
1,W1,AC,Beast,65,5.0,6.7,75.8,61.3,47.3,63.9,0,stub-1,1.0,1.0
1,W2,AC,Beast,65,5.0,84.9,45.0,86.9,64.2,67.1,0,stub-1,1.0,1.0
1,W3,AC,Beast,65,5.0,7.1,44.3,62.7,43.9,61.9,0,stub-1,1.0,1.0
1,W4,AC,Beast,65,5.0,33.6,28.1,71.1,54.5,64.5,0,stub-1,1.0,1.0
1,W5,AC,Beast,65,5.0,13.1,32.6,65.4,47.7,62.2,0,stub-1,1.0,1.0
1,W6,AC,Beast,65,5.0,60.3,34.3,79.1,60.7,65.2,0,stub-1,1.0,1.0
1,W7,AC,Beast,65,5.0,42.2,34.2,74.3,53.4,65.7,0,stub-1,1.0,1.0
1,W0,AC,Beast,65,5.0,15.9,23.2,64.8,46.8,58.9,0,stub-1,1.0,1.0
1,W1,AC,Beast,65,5.0,39.7,15.4,72.1,57.5,65.7,0,stub-1,1.0,1.0
1,W2,AC,Beast,65,5.0,41.6,48.6,70.7,56.7,65.7,0,stub-1,1.0,1.0
1,W3,AC,Beast,65,5.0,65.8,27.2,78.2,58.6,64.6,0,stub-1,1.0,1.0
1,W4,AC,Beast,65,5.0,32.4,41.6,73.4,55.0,65.4,0,stub-1,1.0,1.0
1,W5,AC,Beast,65,5.0,93.7,75.4,95.6,66.9,68.0,0,stub-1,1.0,1.0
1,W6,AC,Beast,65,5.0,87.0,45.7,89.5,67.3,69.1,0,stub-1,1.0,1.0
1,W7,AC,Beast,65,5.0,92.5,5.0,85.6,70.7,69.1,0,stub-1,1.0,1.0
1,W0,DC,Beast,65,5.0,58.8,80.6,75.6,61.5,65.2,0,stub-1,1.0,1.0
1,W1,DC,Beast,65,5.0,50.9,9.1,72.3,58.1,63.4,0,stub-1,1.0,1.0
1,W2,DC,Beast,65,5.0,32.1,40.6,70.8,54.3,62.9,0,stub-1,1.0,1.0
1,W3,DC,Beast,65,5.0,59.9,91.2,77.1,59.2,67.8,0,stub-1,1.0,1.0
1,W4,DC,Beast,65,5.0,35.8,28.5,70.8,52.3,63.4,0,stub-1,1.0,1.0
1,W5,DC,Beast,65,5.0,46.4,59.0,82.5,60.1,66.3,0,stub-1,1.0,1.0
1,W6,DC,Beast,65,5.0,63.2,5.2,72.6,61.9,66.0,0,stub-1,1.0,1.0
1,W7,DC,Beast,65,5.0,85.6,68.3,82.9,67.1,66.6,0,stub-1,1.0,1.0
1,W0,AC,Extreme,65,5.2,75.9,63.4,85.8,64.7,68.7,0,stub-1,1.0,1.0
1,W1,AC,Extreme,65,5.2,65.5,36.8,78.2,63.3,64.6,0,stub-1,1.0,1.0
1,W2,AC,Extreme,65,5.2,37.2,20.9,74.1,51.7,64.8,0,stub-1,1.0,1.0
1,W3,AC,Extreme,65,5.2,45.0,24.9,76.1,58.4,65.6,0,stub-1,1.0,1.0
1,W4,AC,Extreme,65,5.2,87.9,37.2,92.3,69.0,68.4,0,stub-1,1.0,1.0
1,W5,AC,Extreme,65,5.2,49.4,37.7,81.7,57.0,68.2,0,stub-1,1.0,1.0
1,W6,AC,Extreme,65,5.2,68.6,23.8,84.8,66.2,65.7,0,stub-1,1.0,1.0
1,W7,AC,Extreme,65,5.2,56.2,49.5,82.9,56.8,64.2,0,stub-1,1.0,1.0
1,W0,AC,Extreme,65,5.2,55.9,66.4,78.2,59.2,66.1,0,stub-1,1.0,1.0
1,W1,AC,Extreme,65,5.2,28.4,56.3,71.7,52.9,65.3,0,stub-1,1.0,1.0
1,W2,AC,Extreme,65,5.2,75.4,22.3,80.9,58.8,64.9,0,stub-1,1.0,1.0
1,W3,AC,Extreme,65,5.2,55.4,45.9,75.6,62.0,65.9,0,stub-1,1.0,1.0
1,W4,AC,Extreme,65,5.2,89.9,9.7,92.3,67.2,69.7,0,stub-1,1.0,1.0
1,W5,AC,Extreme,65,5.2,47.0,37.5,76.4,57.5,62.0,0,stub-1,1.0,1.0
1,W6,AC,Extreme,65,5.2,25.2,30.0,67.1,52.9,64.5,0,stub-1,1.0,1.0
1,W7,AC,Extreme,65,5.2,12.4,56.5,66.2,51.8,63.5,0,stub-1,1.0,1.0
1,W0,AC,Extreme,65,5.2,93.0,43.1,92.3,69.4,70.0,0,stub-1,1.0,1.0
1,W1,AC,Extreme,65,5.2,61.3,13.7,83.0,57.2,65.4,0,stub-1,1.0,1.0
1,W2,AC,Extreme,65,5.2,58.3,61.4,78.7,61.4,67.3,0,stub-1,1.0,1.0
1,W3,AC,Extreme,65,5.2,9.9,35.0,66.8,49.3,58.8,0,stub-1,1.0,1.0
1,W4,AC,Extreme,65,5.2,74.8,60.8,85.2,61.4,65.9,1,stub-1,1.0,1.0
1,W5,AC,Extreme,65,5.2,8.0,33.2,64.2,47.9,61.3,0,stub-1,1.0,1.0
1,W6,AC,Extreme,65,5.2,16.5,87.7,65.0,50.2,62.2,0,stub-1,1.0,1.0
1,W7,AC,Extreme,65,5.2,66.0,55.3,81.4,61.4,67.9,0,stub-1,1.0,1.0
1,W0,DC,Extreme,65,5.2,13.6,72.7,66.9,51.6,62.9,0,stub-1,1.0,1.0
1,W1,DC,Extreme,65,5.2,39.6,76.6,73.9,57.4,63.7,0,stub-1,1.0,1.0
1,W2,DC,Extreme,65,5.2,35.6,89.4,73.7,52.2,62.8,0,stub-1,1.0,1.0
1,W3,DC,Extreme,65,5.2,58.6,11.1,81.7,60.5,65.2,0,stub-1,1.0,1.0
1,W4,DC,Extreme,65,5.2,56.6,62.4,79.3,61.7,66.3,0,stub-1,1.0,1.0
1,W5,DC,Extreme,65,5.2,76.7,10.4,82.2,63.9,68.8,0,stub-1,1.0,1.0
1,W6,DC,Extreme,65,5.2,91.4,72.9,87.5,72.2,70.4,0,stub-1,1.0,1.0
1,W7,DC,Extreme,65,5.2,32.8,35.9,70.6,53.5,63.9,0,stub-1,1.0,1.0
1,W0,AC,Quiet,25,3.8,57.8,66.0,66.3,32.8,58.0,0,stub-1,1.0,1.0
1,W1,AC,Quiet,25,3.8,43.0,22.6,53.4,29.6,58.5,0,stub-1,1.0,1.0
1,W2,AC,Quiet,25,3.8,75.7,35.7,66.0,33.7,58.8,0,stub-1,1.0,1.0
1,W3,AC,Quiet,25,3.8,57.1,91.7,62.3,30.2,54.5,0,stub-1,1.0,1.0
1,W4,AC,Quiet,25,3.8,19.6,45.9,51.7,21.8,52.7,0,stub-1,1.0,1.0
1,W5,AC,Quiet,25,3.8,25.7,61.2,53.6,24.2,55.9,0,stub-1,1.0,1.0
1,W6,AC,Quiet,25,3.8,90.7,34.8,72.7,38.8,60.4,0,stub-1,1.0,1.0
1,W7,AC,Quiet,25,3.8,37.7,11.6,65.2,27.9,54.9,0,stub-1,1.0,1.0
1,W0,AC,Quiet,25,3.8,31.2,22.5,50.6,23.5,53.6,0,stub-1,1.0,1.0
1,W1,AC,Quiet,25,3.8,22.8,20.7,52.6,25.6,52.4,0,stub-1,1.0,1.0
1,W2,AC,Quiet,25,3.8,35.6,54.9,56.5,26.8,56.2,1,stub-1,1.0,1.0
1,W3,AC,Quiet,25,3.8,66.0,39.1,59.9,34.2,56.3,0,stub-1,1.0,1.0
1,W4,AC,Quiet,25,3.8,89.3,32.5,72.7,43.4,58.3,0,stub-1,1.0,1.0
1,W5,AC,Quiet,25,3.8,94.8,84.3,68.0,41.7,59.2,0,stub-1,1.0,1.0
1,W6,AC,Quiet,25,3.8,18.0,88.2,51.5,20.7,51.2,0,stub-1,1.0,1.0
1,W7,AC,Quiet,25,3.8,59.0,92.9,65.3,32.3,56.8,0,stub-1,1.0,1.0
1,W0,AC,Quiet,25,3.8,60.4,22.0,58.6,31.8,55.9,0,stub-1,1.0,1.0
1,W1,AC,Quiet,25,3.8,76.6,83.6,69.5,39.8,55.8,0,stub-1,1.0,1.0
1,W2,AC,Quiet,25,3.8,84.7,23.8,74.0,39.8,58.6,0,stub-1,1.0,1.0
1,W3,AC,Quiet,25,3.8,72.6,63.1,66.4,33.3,56.6,0,stub-1,1.0,1.0
1,W4,AC,Quiet,25,3.8,46.8,34.0,56.4,31.4,55.6,0,stub-1,1.0,1.0
1,W5,AC,Quiet,25,3.8,41.1,87.9,54.5,27.3,54.3,0,stub-1,1.0,1.0
1,W6,AC,Quiet,25,3.8,24.8,23.3,55.0,22.2,51.7,0,stub-1,1.0,1.0
1,W7,AC,Quiet,25,3.8,56.4,89.2,68.4,29.8,56.8,0,stub-1,1.0,1.0
1,W0,DC,Quiet,25,3.8,17.1,12.6,48.1,22.4,51.4,0,stub-1,1.0,1.0
1,W1,DC,Quiet,25,3.8,60.9,43.3,62.2,30.7,56.1,0,stub-1,1.0,1.0
1,W2,DC,Quiet,25,3.8,77.4,33.5,67.4,37.7,58.4,0,stub-1,1.0,1.0
1,W3,DC,Quiet,25,3.8,12.4,80.8,53.6,17.7,51.0,0,stub-1,1.0,1.0
1,W4,DC,Quiet,25,3.8,75.7,88.4,69.3,36.9,58.9,0,stub-1,1.0,1.0
1,W5,DC,Quiet,25,3.8,34.6,32.2,56.5,27.4,52.5,0,stub-1,1.0,1.0
1,W6,DC,Quiet,25,3.8,29.7,68.5,65.3,24.8,53.7,0,stub-1,1.0,1.0
1,W7,DC,Quiet,25,3.8,87.1,5.8,66.8,38.1,61.0,0,stub-1,1.0,1.0
1,W0,AC,Balance,40,4.8,75.5,41.3,77.0,48.3,61.0,0,stub-1,1.0,1.0
1,W1,AC,Balance,40,4.8,51.1,73.5,70.1,42.0,60.9,0,stub-1,1.0,1.0
1,W2,AC,Balance,40,4.8,25.4,72.4,61.7,34.7,57.7,0,stub-1,1.0,1.0
1,W3,AC,Balance,40,4.8,46.5,76.3,66.6,39.1,59.6,0,stub-1,1.0,1.0
1,W4,AC,Balance,40,4.8,74.3,67.8,80.7,48.7,60.7,0,stub-1,1.0,1.0
1,W5,AC,Balance,40,4.8,16.6,89.9,61.5,35.8,57.7,0,stub-1,1.0,1.0
1,W6,AC,Balance,40,4.8,80.1,35.6,77.6,49.5,60.2,0,stub-1,1.0,1.0
1,W7,AC,Balance,40,4.8,53.4,34.3,76.6,44.8,61.1,0,stub-1,1.0,1.0
1,W0,AC,Balance,40,4.8,88.0,18.8,86.6,49.5,60.9,0,stub-1,1.0,1.0
1,W1,AC,Balance,40,4.8,59.7,83.0,72.5,44.3,60.4,0,stub-1,1.0,1.0
1,W2,AC,Balance,40,4.8,40.2,53.1,70.2,38.9,57.1,0,stub-1,1.0,1.0
1,W3,AC,Balance,40,4.8,13.4,14.4,60.2,30.9,55.7,0,stub-1,1.0,1.0
1,W4,AC,Balance,40,4.8,67.0,49.0,78.1,45.5,62.1,0,stub-1,1.0,1.0
1,W5,AC,Balance,40,4.8,64.4,11.3,76.3,46.4,61.9,0,stub-1,1.0,1.0
1,W6,AC,Balance,40,4.8,20.5,82.4,62.3,33.7,58.2,0,stub-1,1.0,1.0
1,W7,AC,Balance,40,4.8,48.0,11.2,74.4,43.9,59.5,0,stub-1,1.0,1.0
1,W0,AC,Balance,40,4.8,16.7,23.5,58.3,33.5,54.7,0,stub-1,1.0,1.0
1,W1,AC,Balance,40,4.8,89.5,57.9,85.1,47.3,61.5,0,stub-1,1.0,1.0
1,W2,AC,Balance,40,4.8,29.8,5.7,67.2,36.0,55.4,0,stub-1,1.0,1.0
1,W3,AC,Balance,40,4.8,86.9,84.1,86.9,47.2,62.0,0,stub-1,1.0,1.0
1,W4,AC,Balance,40,4.8,71.4,30.9,81.4,44.3,59.8,0,stub-1,1.0,1.0
1,W5,AC,Balance,40,4.8,60.2,77.9,71.1,43.7,61.3,0,stub-1,1.0,1.0
1,W6,AC,Balance,40,4.8,86.0,71.0,77.0,50.7,63.5,0,stub-1,1.0,1.0
1,W7,AC,Balance,40,4.8,40.4,90.1,73.3,38.4,61.5,0,stub-1,1.0,1.0
1,W0,DC,Balance,40,4.8,29.6,61.5,64.8,39.7,58.1,0,stub-1,1.0,1.0
1,W1,DC,Balance,40,4.8,24.6,49.4,60.4,36.7,57.7,0,stub-1,1.0,1.0
1,W2,DC,Balance,40,4.8,94.6,11.9,90.0,53.7,63.1,0,stub-1,1.0,1.0
1,W3,DC,Balance,40,4.8,50.5,46.6,75.7,43.4,61.2,0,stub-1,1.0,1.0
1,W4,DC,Balance,40,4.8,72.5,39.3,79.2,42.2,59.6,0,stub-1,1.0,1.0
1,W5,DC,Balance,40,4.8,87.5,34.4,84.1,49.9,60.7,0,stub-1,1.0,1.0
1,W6,DC,Balance,40,4.8,11.1,54.4,61.3,35.7,59.3,0,stub-1,1.0,1.0
1,W7,DC,Balance,40,4.8,80.7,20.4,86.1,49.1,62.3,0,stub-1,1.0,1.0
1,W0,AC,Beast,65,5.0,31.5,53.1,68.5,53.9,64.0,0,stub-1,1.0,1.0
1,W1,AC,Beast,65,5.0,18.8,37.2,61.1,50.3,63.0,0,stub-1,1.0,1.0
1,W2,AC,Beast,65,5.0,65.8,24.5,77.9,58.3,66.2,0,stub-1,1.0,1.0
1,W3,AC,Beast,65,5.0,85.7,40.2,81.7,66.7,68.8,0,stub-1,1.0,1.0
1,W4,AC,Beast,65,5.0,5.4,74.5,62.4,42.3,59.0,0,stub-1,1.0,1.0
1,W5,AC,Beast,65,5.0,43.0,94.0,74.5,55.6,65.3,0,stub-1,1.0,1.0
1,W6,AC,Beast,65,5.0,65.2,24.9,83.5,59.4,66.2,0,stub-1,1.0,1.0
1,W7,AC,Beast,65,5.0,20.0,42.4,64.4,51.9,64.0,0,stub-1,1.0,1.0
1,W0,AC,Beast,65,5.0,55.6,22.1,77.7,61.8,67.3,0,stub-1,1.0,1.0
1,W1,AC,Beast,65,5.0,24.2,37.1,66.7,52.5,64.7,0,stub-1,1.0,1.0
1,W2,AC,Beast,65,5.0,33.5,40.0,69.0,54.1,64.8,0,stub-1,1.0,1.0
1,W3,AC,Beast,65,5.0,11.1,24.7,59.3,47.4,63.5,0,stub-1,1.0,1.0
1,W4,AC,Beast,65,5.0,93.5,14.2,79.1,67.5,69.2,0,stub-1,1.0,1.0
1,W5,AC,Beast,65,5.0,59.0,93.3,76.2,59.3,63.6,0,stub-1,1.0,1.0
1,W6,AC,Beast,65,5.0,92.5,67.4,85.7,71.1,70.9,0,stub-1,1.0,1.0
1,W7,AC,Beast,65,5.0,81.6,48.4,82.7,64.5,69.3,0,stub-1,1.0,1.0
1,W0,AC,Beast,65,5.0,57.7,39.4,75.9,58.8,61.8,0,stub-1,1.0,1.0
1,W1,AC,Beast,65,5.0,25.9,60.5,63.1,53.4,62.9,0,stub-1,1.0,1.0
1,W2,AC,Beast,65,5.0,71.4,73.2,80.7,62.9,66.1,0,stub-1,1.0,1.0
1,W3,AC,Beast,65,5.0,23.4,8.4,68.8,53.7,62.9,0,stub-1,1.0,1.0
1,W4,AC,Beast,65,5.0,90.1,71.5,85.9,69.5,67.7,0,stub-1,1.0,1.0
1,W5,AC,Beast,65,5.0,93.0,63.3,83.9,68.6,69.3,0,stub-1,1.0,1.0
1,W6,AC,Beast,65,5.0,81.2,34.8,84.5,68.3,70.8,0,stub-1,1.0,1.0
1,W7,AC,Beast,65,5.0,27.4,66.9,65.7,51.8,61.1,0,stub-1,1.0,1.0
1,W0,DC,Beast,65,5.0,39.3,33.9,71.5,55.4,64.8,0,stub-1,1.0,1.0
1,W1,DC,Beast,65,5.0,22.3,62.1,65.9,51.9,64.0,0,stub-1,1.0,1.0
1,W2,DC,Beast,65,5.0,13.3,58.3,67.4,44.8,60.7,0,stub-1,1.0,1.0
1,W3,DC,Beast,65,5.0,33.0,70.0,71.1,53.8,64.8,0,stub-1,1.0,1.0
1,W4,DC,Beast,65,5.0,27.4,30.7,64.2,53.3,63.3,0,stub-1,1.0,1.0
1,W5,DC,Beast,65,5.0,92.5,40.8,92.9,69.7,70.8,0,stub-1,1.0,1.0
1,W6,DC,Beast,65,5.0,50.5,71.1,75.5,54.4,64.1,0,stub-1,1.0,1.0
1,W7,DC,Beast,65,5.0,39.3,81.9,71.2,55.6,61.1,0,stub-1,1.0,1.0
1,W0,AC,Extreme,65,5.2,58.6,18.8,79.6,58.6,63.9,0,stub-1,1.0,1.0
1,W1,AC,Extreme,65,5.2,38.8,59.5,74.8,56.2,65.0,0,stub-1,1.0,1.0
1,W2,AC,Extreme,65,5.2,47.2,18.9,76.7,57.6,62.8,0,stub-1,1.0,1.0
1,W3,AC,Extreme,65,5.2,88.3,89.6,88.9,69.5,69.1,0,stub-1,1.0,1.0
1,W4,AC,Extreme,65,5.2,49.1,62.7,74.5,56.7,68.1,0,stub-1,1.0,1.0
1,W5,AC,Extreme,65,5.2,55.9,22.5,80.8,58.1,65.8,0,stub-1,1.0,1.0
1,W6,AC,Extreme,65,5.2,87.2,70.0,85.1,67.2,67.6,0,stub-1,1.0,1.0
1,W7,AC,Extreme,65,5.2,63.6,88.4,77.2,61.3,65.3,0,stub-1,1.0,1.0
1,W0,AC,Extreme,65,5.2,8.1,78.2,61.8,45.3,60.2,0,stub-1,1.0,1.0
1,W1,AC,Extreme,65,5.2,28.5,46.0,66.9,52.0,62.2,0,stub-1,1.0,1.0
1,W2,AC,Extreme,65,5.2,59.2,90.7,80.4,60.0,66.3,0,stub-1,1.0,1.0
1,W3,AC,Extreme,65,5.2,40.8,57.8,70.4,57.7,64.1,0,stub-1,1.0,1.0
1,W4,AC,Extreme,65,5.2,22.0,43.1,70.1,49.7,61.1,0,stub-1,1.0,1.0
1,W5,AC,Extreme,65,5.2,39.5,32.7,81.7,51.9,64.8,0,stub-1,1.0,1.0
1,W6,AC,Extreme,65,5.2,70.5,13.0,80.1,60.5,65.7,0,stub-1,1.0,1.0
1,W7,AC,Extreme,65,5.2,72.4,88.7,85.5,62.2,67.5,0,stub-1,1.0,1.0
1,W0,AC,Extreme,65,5.2,93.8,78.5,91.7,69.0,68.5,0,stub-1,1.0,1.0
1,W1,AC,Extreme,65,5.2,63.9,71.0,78.1,62.4,68.1,0,stub-1,1.0,1.0
1,W2,AC,Extreme,65,5.2,68.4,22.8,85.9,67.0,65.8,0,stub-1,1.0,1.0
1,W3,AC,Extreme,65,5.2,10.3,21.4,67.2,48.2,60.7,0,stub-1,1.0,1.0
1,W4,AC,Extreme,65,5.2,86.2,41.8,85.3,65.0,68.4,0,stub-1,1.0,1.0
1,W5,AC,Extreme,65,5.2,39.0,29.9,72.8,53.8,65.5,0,stub-1,1.0,1.0
1,W6,AC,Extreme,65,5.2,48.0,65.6,77.7,57.9,65.3,0,stub-1,1.0,1.0
1,W7,AC,Extreme,65,5.2,57.4,93.9,79.3,61.8,67.7,0,stub-1,1.0,1.0
1,W0,DC,Extreme,65,5.2,5.7,59.3,69.2,46.6,62.9,0,stub-1,1.0,1.0
1,W1,DC,Extreme,65,5.2,35.3,43.7,71.6,51.4,65.3,0,stub-1,1.0,1.0
1,W2,DC,Extreme,65,5.2,95.0,78.5,95.0,68.2,68.5,0,stub-1,1.0,1.0
1,W3,DC,Extreme,65,5.2,34.7,14.0,73.5,51.2,63.5,0,stub-1,1.0,1.0
1,W4,DC,Extreme,65,5.2,70.3,84.9,86.1,65.1,68.6,0,stub-1,1.0,1.0
1,W5,DC,Extreme,65,5.2,78.4,38.2,84.1,62.9,65.5,0,stub-1,1.0,1.0
1,W6,DC,Extreme,65,5.2,47.8,42.2,80.1,62.9,69.6,0,stub-1,1.0,1.0
1,W7,DC,Extreme,65,5.2,6.5,37.4,62.9,50.6,63.5,0,stub-1,1.0,1.0
1,W0,AC,Quiet,25,3.8,34.3,45.0,53.5,24.8,53.2,0,stub-1,1.0,1.0
1,W1,AC,Quiet,25,3.8,43.5,88.8,57.9,33.7,54.9,0,stub-1,1.0,1.0
1,W2,AC,Quiet,25,3.8,82.1,86.5,70.0,36.4,58.0,0,stub-1,1.0,1.0
1,W3,AC,Quiet,25,3.8,56.5,82.1,64.1,30.6,55.7,0,stub-1,1.0,1.0
1,W4,AC,Quiet,25,3.8,76.7,32.1,66.9,34.4,57.7,0,stub-1,1.0,1.0
1,W5,AC,Quiet,25,3.8,15.4,64.6,48.9,21.4,53.5,0,stub-1,1.0,1.0
1,W6,AC,Quiet,25,3.8,72.8,64.4,70.2,36.8,57.7,0,stub-1,1.0,1.0
1,W7,AC,Quiet,25,3.8,88.6,86.2,70.5,39.8,57.9,0,stub-1,1.0,1.0
1,W0,AC,Quiet,25,3.8,28.2,47.9,55.3,23.9,54.6,0,stub-1,1.0,1.0
1,W1,AC,Quiet,25,3.8,70.3,13.1,69.5,33.6,53.9,0,stub-1,1.0,1.0
1,W2,AC,Quiet,25,3.8,88.9,74.0,68.8,38.0,56.6,0,stub-1,1.0,1.0
1,W3,AC,Quiet,25,3.8,39.3,62.8,60.7,23.7,52.2,0,stub-1,1.0,1.0
1,W4,AC,Quiet,25,3.8,77.8,25.1,69.9,37.5,60.2,0,stub-1,1.0,1.0
1,W5,AC,Quiet,25,3.8,72.0,15.4,69.8,32.9,58.7,0,stub-1,1.0,1.0
1,W6,AC,Quiet,25,3.8,90.9,56.9,73.9,40.2,56.2,0,stub-1,1.0,1.0
1,W7,AC,Quiet,25,3.8,93.2,33.8,72.3,38.8,60.3,0,stub-1,1.0,1.0
1,W0,AC,Quiet,25,3.8,76.7,51.8,66.9,35.8,56.1,0,stub-1,1.0,1.0
1,W1,AC,Quiet,25,3.8,46.5,18.0,61.8,32.7,55.4,0,stub-1,1.0,1.0
1,W2,AC,Quiet,25,3.8,50.0,46.0,59.2,29.3,53.9,0,stub-1,1.0,1.0
1,W3,AC,Quiet,25,3.8,58.9,32.8,58.6,33.2,56.6,0,stub-1,1.0,1.0
1,W4,AC,Quiet,25,3.8,94.7,68.6,68.4,41.7,57.3,0,stub-1,1.0,1.0
1,W5,AC,Quiet,25,3.8,93.3,35.0,73.7,41.5,58.6,0,stub-1,1.0,1.0
1,W6,AC,Quiet,25,3.8,70.9,77.9,66.6,34.6,57.7,0,stub-1,1.0,1.0
1,W7,AC,Quiet,25,3.8,48.9,40.3,58.9,32.6,56.2,0,stub-1,1.0,1.0
1,W0,DC,Quiet,25,3.8,81.4,94.2,67.4,37.3,56.1,0,stub-1,1.0,1.0
1,W1,DC,Quiet,25,3.8,73.2,40.2,59.3,34.2,56.8,0,stub-1,1.0,1.0
1,W2,DC,Quiet,25,3.8,67.7,22.6,67.8,32.8,58.2,0,stub-1,1.0,1.0
1,W3,DC,Quiet,25,3.8,77.5,81.5,72.5,36.3,56.1,0,stub-1,1.0,1.0
1,W4,DC,Quiet,25,3.8,19.7,17.4,50.7,20.9,53.0,0,stub-1,1.0,1.0
1,W5,DC,Quiet,25,3.8,71.2,5.8,68.6,34.9,55.3,0,stub-1,1.0,1.0
1,W6,DC,Quiet,25,3.8,66.0,94.0,69.8,37.9,55.7,0,stub-1,1.0,1.0
1,W7,DC,Quiet,25,3.8,88.3,13.6,74.6,40.8,59.1,0,stub-1,1.0,1.0
1,W0,AC,Balance,40,4.8,9.7,93.2,58.2,28.3,57.0,0,stub-1,1.0,1.0
1,W1,AC,Balance,40,4.8,41.4,8.1,69.2,38.5,60.2,0,stub-1,1.0,1.0
1,W2,AC,Balance,40,4.8,66.9,90.9,76.0,43.1,59.1,0,stub-1,1.0,1.0
1,W3,AC,Balance,40,4.8,75.0,82.8,75.1,45.8,60.1,0,stub-1,1.0,1.0
1,W4,AC,Balance,40,4.8,63.8,38.1,77.6,44.5,58.4,0,stub-1,1.0,1.0
1,W5,AC,Balance,40,4.8,7.1,56.6,60.0,28.3,54.4,0,stub-1,1.0,1.0
1,W6,AC,Balance,40,4.8,72.1,76.5,80.7,48.1,60.9,0,stub-1,1.0,1.0
1,W7,AC,Balance,40,4.8,56.4,13.9,72.0,46.1,62.4,0,stub-1,1.0,1.0
1,W0,AC,Balance,40,4.8,76.6,21.6,80.8,46.8,59.6,0,stub-1,1.0,1.0
1,W1,AC,Balance,40,4.8,78.1,49.0,79.7,44.9,60.5,0,stub-1,1.0,1.0
1,W2,AC,Balance,40,4.8,69.2,76.1,81.9,47.7,64.8,0,stub-1,1.0,1.0
1,W3,AC,Balance,40,4.8,58.9,21.2,73.9,39.3,57.9,0,stub-1,1.0,1.0
1,W4,AC,Balance,40,4.8,16.1,16.6,62.9,33.2,53.9,1,stub-1,1.0,1.0
1,W5,AC,Balance,40,4.8,93.2,50.6,83.3,49.7,63.8,0,stub-1,1.0,1.0
1,W6,AC,Balance,40,4.8,43.1,90.1,73.1,38.8,60.3,0,stub-1,1.0,1.0
1,W7,AC,Balance,40,4.8,75.5,64.3,79.0,44.4,61.2,0,stub-1,1.0,1.0
1,W0,AC,Balance,40,4.8,67.6,52.0,80.7,44.7,59.7,0,stub-1,1.0,1.0
1,W1,AC,Balance,40,4.8,13.9,78.8,61.3,31.6,57.0,0,stub-1,1.0,1.0
1,W2,AC,Balance,40,4.8,32.0,79.9,71.1,35.3,57.6,0,stub-1,1.0,1.0
1,W3,AC,Balance,40,4.8,61.0,11.7,78.7,43.2,61.6,0,stub-1,1.0,1.0
1,W4,AC,Balance,40,4.8,86.3,41.0,85.5,50.3,60.6,0,stub-1,1.0,1.0
1,W5,AC,Balance,40,4.8,11.4,70.9,63.1,33.9,56.8,0,stub-1,1.0,1.0
1,W6,AC,Balance,40,4.8,22.3,38.5,61.2,30.5,54.4,0,stub-1,1.0,1.0
1,W7,AC,Balance,40,4.8,18.8,94.3,61.3,32.3,56.4,0,stub-1,1.0,1.0
1,W0,DC,Balance,40,4.8,59.3,12.0,76.4,43.5,59.7,0,stub-1,1.0,1.0
1,W1,DC,Balance,40,4.8,62.6,37.7,76.1,42.9,61.0,0,stub-1,1.0,1.0
1,W2,DC,Balance,40,4.8,83.2,25.3,85.5,48.9,63.6,0,stub-1,1.0,1.0
1,W3,DC,Balance,40,4.8,88.3,20.8,83.5,49.8,61.2,0,stub-1,1.0,1.0
1,W4,DC,Balance,40,4.8,78.9,49.1,76.7,47.2,62.8,0,stub-1,1.0,1.0
1,W5,DC,Balance,40,4.8,85.7,20.4,80.5,51.3,62.5,0,stub-1,1.0,1.0
1,W6,DC,Balance,40,4.8,36.1,71.7,72.0,36.5,55.4,0,stub-1,1.0,1.0
1,W7,DC,Balance,40,4.8,47.9,16.5,68.7,42.4,59.9,0,stub-1,1.0,1.0
1,W0,AC,Beast,65,5.0,19.0,16.4,62.2,52.5,65.7,0,stub-1,1.0,1.0
1,W1,AC,Beast,65,5.0,92.7,68.7,89.4,68.7,71.1,0,stub-1,1.0,1.0
1,W2,AC,Beast,65,5.0,68.6,21.5,85.9,62.3,65.6,0,stub-1,1.0,1.0
1,W3,AC,Beast,65,5.0,89.8,84.3,86.9,68.6,67.8,0,stub-1,1.0,1.0
1,W4,AC,Beast,65,5.0,82.2,90.3,82.5,67.0,69.0,0,stub-1,1.0,1.0
1,W5,AC,Beast,65,5.0,90.0,19.9,87.7,71.1,70.8,0,stub-1,1.0,1.0
1,W6,AC,Beast,65,5.0,54.9,49.4,81.9,55.6,62.9,0,stub-1,1.0,1.0
1,W7,AC,Beast,65,5.0,70.8,48.2,82.9,56.2,64.2,0,stub-1,1.0,1.0
1,W0,AC,Beast,65,5.0,84.9,67.8,82.0,68.3,71.0,0,stub-1,1.0,1.0
1,W1,AC,Beast,65,5.0,69.3,68.2,78.1,62.8,65.9,0,stub-1,1.0,1.0
1,W2,AC,Beast,65,5.0,71.5,90.6,84.2,59.7,63.9,0,stub-1,1.0,1.0
1,W3,AC,Beast,65,5.0,91.8,65.7,86.8,70.2,68.4,0,stub-1,1.0,1.0
1,W4,AC,Beast,65,5.0,25.3,11.8,69.5,49.8,63.9,0,stub-1,1.0,1.0
1,W5,AC,Beast,65,5.0,38.6,15.2,70.7,56.4,64.2,0,stub-1,1.0,1.0
1,W6,AC,Beast,65,5.0,53.5,74.0,77.9,60.0,65.7,0,stub-1,1.0,1.0
1,W7,AC,Beast,65,5.0,71.4,56.2,83.4,63.7,68.5,0,stub-1,1.0,1.0
1,W0,AC,Beast,65,5.0,89.0,62.9,87.1,67.3,66.5,0,stub-1,1.0,1.0
1,W1,AC,Beast,65,5.0,48.9,37.0,75.6,56.4,63.9,0,stub-1,1.0,1.0
1,W2,AC,Beast,65,5.0,36.9,5.5,72.5,53.9,63.4,0,stub-1,1.0,1.0
1,W3,AC,Beast,65,5.0,12.6,51.3,64.9,49.2,62.9,0,stub-1,1.0,1.0
1,W4,AC,Beast,65,5.0,48.9,19.0,73.5,56.5,63.8,0,stub-1,1.0,1.0
1,W5,AC,Beast,65,5.0,21.4,78.0,68.0,52.5,64.4,0,stub-1,1.0,1.0
1,W6,AC,Beast,65,5.0,80.5,19.6,82.2,67.3,66.6,0,stub-1,1.0,1.0
1,W7,AC,Beast,65,5.0,22.9,22.1,71.6,53.2,64.0,0,stub-1,1.0,1.0
1,W0,DC,Beast,65,5.0,72.0,86.1,82.7,64.6,65.4,0,stub-1,1.0,1.0
1,W1,DC,Beast,65,5.0,28.9,42.9,69.3,49.3,61.4,0,stub-1,1.0,1.0
1,W2,DC,Beast,65,5.0,69.3,34.2,81.3,58.7,62.1,0,stub-1,1.0,1.0
1,W3,DC,Beast,65,5.0,40.0,14.9,71.9,55.8,64.7,0,stub-1,1.0,1.0
1,W4,DC,Beast,65,5.0,19.0,50.0,65.9,48.8,61.5,0,stub-1,1.0,1.0
1,W5,DC,Beast,65,5.0,71.4,44.1,78.9,62.8,68.6,0,stub-1,1.0,1.0
1,W6,DC,Beast,65,5.0,73.5,27.3,84.1,65.8,68.0,0,stub-1,1.0,1.0
1,W7,DC,Beast,65,5.0,82.8,94.5,90.0,66.3,71.0,0,stub-1,1.0,1.0
1,W0,AC,Extreme,65,5.2,22.9,68.6,71.0,48.3,61.0,0,stub-1,1.0,1.0
1,W1,AC,Extreme,65,5.2,94.3,58.2,90.7,68.1,68.0,0,stub-1,1.0,1.0
1,W2,AC,Extreme,65,5.2,16.9,8.5,74.4,49.4,60.4,0,stub-1,1.0,1.0
1,W3,AC,Extreme,65,5.2,9.6,41.7,67.1,46.9,63.4,0,stub-1,1.0,1.0
1,W4,AC,Extreme,65,5.2,25.8,35.3,66.6,52.3,62.5,0,stub-1,1.0,1.0
1,W5,AC,Extreme,65,5.2,30.3,36.6,69.5,51.5,63.7,0,stub-1,1.0,1.0
1,W6,AC,Extreme,65,5.2,9.3,8.7,69.9,48.9,62.5,0,stub-1,1.0,1.0
1,W7,AC,Extreme,65,5.2,86.8,14.1,91.7,69.1,72.5,0,stub-1,1.0,1.0
1,W0,AC,Extreme,65,5.2,37.7,32.4,74.1,55.1,61.5,0,stub-1,1.0,1.0
1,W1,AC,Extreme,65,5.2,34.8,71.7,70.9,52.0,65.2,0,stub-1,1.0,1.0
1,W2,AC,Extreme,65,5.2,52.6,38.4,77.0,57.5,62.8,0,stub-1,1.0,1.0
1,W3,AC,Extreme,65,5.2,71.8,15.8,88.1,59.7,64.2,0,stub-1,1.0,1.0
1,W4,AC,Extreme,65,5.2,63.9,22.1,79.6,57.1,66.7,0,stub-1,1.0,1.0
1,W5,AC,Extreme,65,5.2,70.3,94.1,85.2,64.0,69.7,0,stub-1,1.0,1.0
1,W6,AC,Extreme,65,5.2,8.9,22.3,62.9,47.3,63.6,0,stub-1,1.0,1.0
1,W7,AC,Extreme,65,5.2,86.6,92.8,84.3,68.9,68.1,0,stub-1,1.0,1.0
1,W0,AC,Extreme,65,5.2,69.6,87.0,86.1,63.8,68.9,0,stub-1,1.0,1.0
1,W1,AC,Extreme,65,5.2,7.0,58.9,63.0,46.9,60.7,0,stub-1,1.0,1.0
1,W2,AC,Extreme,65,5.2,9.1,56.0,66.4,44.8,60.6,0,stub-1,1.0,1.0
1,W3,AC,Extreme,65,5.2,83.3,92.4,84.4,68.0,71.0,0,stub-1,1.0,1.0
1,W4,AC,Extreme,65,5.2,39.6,75.1,72.3,56.3,65.1,0,stub-1,1.0,1.0
1,W5,AC,Extreme,65,5.2,67.7,84.1,84.3,63.0,65.4,0,stub-1,1.0,1.0
1,W6,AC,Extreme,65,5.2,68.7,52.3,82.3,64.0,66.9,0,stub-1,1.0,1.0
1,W7,AC,Extreme,65,5.2,20.4,9.1,64.8,50.6,63.1,0,stub-1,1.0,1.0
1,W0,DC,Extreme,65,5.2,18.3,84.5,70.0,49.4,62.8,0,stub-1,1.0,1.0
1,W1,DC,Extreme,65,5.2,27.4,79.1,66.5,52.2,63.3,0,stub-1,1.0,1.0
1,W2,DC,Extreme,65,5.2,36.3,59.5,72.4,55.2,63.8,0,stub-1,1.0,1.0
1,W3,DC,Extreme,65,5.2,41.8,60.0,71.3,55.6,64.9,0,stub-1,1.0,1.0
1,W4,DC,Extreme,65,5.2,78.4,79.2,87.4,70.2,71.3,0,stub-1,1.0,1.0
1,W5,DC,Extreme,65,5.2,93.1,75.0,97.5,69.0,68.4,0,stub-1,1.0,1.0
1,W6,DC,Extreme,65,5.2,72.1,39.4,80.6,60.2,64.8,0,stub-1,1.0,1.0
1,W7,DC,Extreme,65,5.2,78.5,24.9,83.1,64.8,69.7,0,stub-1,1.0,1.0
1,W0,AC,Quiet,25,3.8,77.7,72.8,70.1,38.1,58.1,0,stub-1,1.0,1.0
1,W1,AC,Quiet,25,3.8,86.2,13.4,68.6,39.6,59.7,0,stub-1,1.0,1.0
1,W2,AC,Quiet,25,3.8,82.6,22.0,65.5,38.3,58.2,0,stub-1,1.0,1.0
1,W3,AC,Quiet,25,3.8,21.0,40.5,51.4,22.2,52.4,0,stub-1,1.0,1.0
1,W4,AC,Quiet,25,3.8,11.5,27.1,55.7,17.5,52.6,0,stub-1,1.0,1.0
1,W5,AC,Quiet,25,3.8,77.7,59.3,71.1,36.6,58.0,0,stub-1,1.0,1.0
1,W6,AC,Quiet,25,3.8,79.4,73.7,68.9,36.9,57.9,0,stub-1,1.0,1.0
1,W7,AC,Quiet,25,3.8,17.8,61.5,52.2,27.1,54.8,0,stub-1,1.0,1.0
1,W0,AC,Quiet,25,3.8,91.2,14.6,72.7,38.5,58.2,0,stub-1,1.0,1.0
1,W1,AC,Quiet,25,3.8,48.2,55.7,58.1,28.4,55.3,0,stub-1,1.0,1.0
1,W2,AC,Quiet,25,3.8,34.9,18.9,60.4,27.3,54.0,0,stub-1,1.0,1.0
1,W3,AC,Quiet,25,3.8,14.3,31.7,48.8,17.3,50.8,0,stub-1,1.0,1.0
1,W4,AC,Quiet,25,3.8,17.8,87.1,54.1,22.3,54.1,0,stub-1,1.0,1.0
1,W5,AC,Quiet,25,3.8,84.1,39.6,74.3,41.3,57.6,0,stub-1,1.0,1.0
1,W6,AC,Quiet,25,3.8,15.1,20.3,51.2,21.9,54.0,0,stub-1,1.0,1.0
1,W7,AC,Quiet,25,3.8,60.4,15.7,63.0,36.6,56.2,0,stub-1,1.0,1.0
1,W0,AC,Quiet,25,3.8,85.6,59.4,72.9,41.1,57.6,0,stub-1,1.0,1.0
1,W1,AC,Quiet,25,3.8,18.5,65.1,48.5,21.0,55.0,0,stub-1,1.0,1.0
1,W2,AC,Quiet,25,3.8,36.4,14.4,60.3,25.1,56.3,0,stub-1,1.0,1.0
1,W3,AC,Quiet,25,3.8,11.9,5.2,46.9,21.5,52.2,0,stub-1,1.0,1.0
1,W4,AC,Quiet,25,3.8,64.0,33.8,61.1,35.5,57.8,1,stub-1,1.0,1.0
1,W5,AC,Quiet,25,3.8,57.0,91.4,59.4,31.6,56.7,0,stub-1,1.0,1.0
1,W6,AC,Quiet,25,3.8,94.5,21.4,72.0,42.3,57.8,0,stub-1,1.0,1.0
1,W7,AC,Quiet,25,3.8,42.3,76.4,60.4,26.3,56.5,0,stub-1,1.0,1.0
1,W0,DC,Quiet,25,3.8,63.9,27.1,61.7,34.6,55.3,0,stub-1,1.0,1.0
1,W1,DC,Quiet,25,3.8,78.9,39.6,68.5,35.4,56.6,0,stub-1,1.0,1.0
1,W2,DC,Quiet,25,3.8,57.0,67.4,62.7,28.6,55.0,0,stub-1,1.0,1.0
1,W3,DC,Quiet,25,3.8,6.5,55.3,47.8,23.5,52.3,0,stub-1,1.0,1.0
1,W4,DC,Quiet,25,3.8,10.4,36.4,52.2,16.8,51.4,0,stub-1,1.0,1.0
1,W5,DC,Quiet,25,3.8,81.8,92.5,67.9,39.2,58.1,0,stub-1,1.0,1.0
1,W6,DC,Quiet,25,3.8,79.5,10.0,74.4,41.3,59.0,0,stub-1,1.0,1.0
1,W7,DC,Quiet,25,3.8,7.4,91.8,45.0,17.2,52.7,0,stub-1,1.0,1.0
1,W0,AC,Balance,40,4.8,64.6,11.6,80.2,40.7,60.7,0,stub-1,1.0,1.0
1,W1,AC,Balance,40,4.8,12.1,11.9,61.8,27.7,53.5,0,stub-1,1.0,1.0
1,W2,AC,Balance,40,4.8,18.5,21.4,62.9,29.3,54.9,0,stub-1,1.0,1.0
1,W3,AC,Balance,40,4.8,35.4,75.3,65.8,36.3,56.5,0,stub-1,1.0,1.0
1,W4,AC,Balance,40,4.8,19.0,84.3,68.2,33.4,56.5,0,stub-1,1.0,1.0
1,W5,AC,Balance,40,4.8,66.2,83.8,77.4,41.0,58.4,0,stub-1,1.0,1.0
1,W6,AC,Balance,40,4.8,87.7,50.2,83.1,47.9,64.0,0,stub-1,1.0,1.0
1,W7,AC,Balance,40,4.8,51.9,93.0,79.9,42.0,60.4,0,stub-1,1.0,1.0
1,W0,AC,Balance,40,4.8,60.7,24.7,77.8,46.2,58.5,0,stub-1,1.0,1.0
1,W1,AC,Balance,40,4.8,78.5,47.2,79.1,46.5,63.3,0,stub-1,1.0,1.0
1,W2,AC,Balance,40,4.8,79.5,19.8,82.9,45.1,61.0,1,stub-1,1.0,1.0
1,W3,AC,Balance,40,4.8,59.3,81.2,76.7,44.4,60.8,0,stub-1,1.0,1.0
1,W4,AC,Balance,40,4.8,53.7,10.9,69.6,39.5,58.1,0,stub-1,1.0,1.0
1,W5,AC,Balance,40,4.8,7.9,29.2,63.5,32.5,56.1,0,stub-1,1.0,1.0
1,W6,AC,Balance,40,4.8,55.7,76.1,76.8,42.4,60.0,0,stub-1,1.0,1.0
1,W7,AC,Balance,40,4.8,37.1,30.4,68.6,36.2,58.3,0,stub-1,1.0,1.0
1,W0,AC,Balance,40,4.8,72.7,70.3,84.0,45.7,62.2,0,stub-1,1.0,1.0
1,W1,AC,Balance,40,4.8,71.7,14.1,80.9,46.3,60.4,0,stub-1,1.0,1.0
1,W2,AC,Balance,40,4.8,57.8,39.4,69.9,40.4,58.9,0,stub-1,1.0,1.0
1,W3,AC,Balance,40,4.8,84.7,13.4,84.7,48.3,58.9,0,stub-1,1.0,1.0
1,W4,AC,Balance,40,4.8,77.7,63.9,81.1,46.2,62.9,0,stub-1,1.0,1.0
1,W5,AC,Balance,40,4.8,63.6,88.7,75.9,42.0,61.9,0,stub-1,1.0,1.0
1,W6,AC,Balance,40,4.8,35.5,37.4,70.2,35.2,59.3,0,stub-1,1.0,1.0
1,W7,AC,Balance,40,4.8,39.9,23.8,66.3,37.4,57.7,0,stub-1,1.0,1.0
1,W0,DC,Balance,40,4.8,18.7,61.5,57.8,32.7,58.4,0,stub-1,1.0,1.0
1,W1,DC,Balance,40,4.8,54.2,92.2,78.6,41.7,59.0,0,stub-1,1.0,1.0
1,W2,DC,Balance,40,4.8,13.5,33.2,63.3,30.9,55.5,0,stub-1,1.0,1.0
1,W3,DC,Balance,40,4.8,21.1,74.5,66.7,33.2,58.3,0,stub-1,1.0,1.0
1,W4,DC,Balance,40,4.8,28.0,83.9,65.0,34.1,58.3,1,stub-1,1.0,1.0
1,W5,DC,Balance,40,4.8,82.3,41.1,85.0,51.4,60.4,0,stub-1,1.0,1.0
1,W6,DC,Balance,40,4.8,16.6,38.0,66.7,28.1,53.2,0,stub-1,1.0,1.0
1,W7,DC,Balance,40,4.8,50.5,28.7,76.0,42.8,58.4,0,stub-1,1.0,1.0
1,W0,AC,Beast,65,5.0,60.9,62.9,78.1,59.2,65.8,0,stub-1,1.0,1.0
1,W1,AC,Beast,65,5.0,81.8,31.2,84.2,67.0,69.7,0,stub-1,1.0,1.0
1,W2,AC,Beast,65,5.0,11.6,39.9,62.2,48.6,59.9,0,stub-1,1.0,1.0
1,W3,AC,Beast,65,5.0,46.8,12.7,75.0,56.7,61.5,0,stub-1,1.0,1.0
1,W4,AC,Beast,65,5.0,88.0,74.1,87.2,69.2,67.2,0,stub-1,1.0,1.0
1,W5,AC,Beast,65,5.0,68.2,47.9,89.6,62.5,67.3,0,stub-1,1.0,1.0
1,W6,AC,Beast,65,5.0,19.0,47.3,64.0,48.9,64.1,0,stub-1,1.0,1.0
1,W7,AC,Beast,65,5.0,39.2,89.3,72.6,53.9,65.1,0,stub-1,1.0,1.0
1,W0,AC,Beast,65,5.0,47.6,9.9,79.3,53.8,63.3,0,stub-1,1.0,1.0
1,W1,AC,Beast,65,5.0,62.2,12.5,76.5,62.9,67.7,0,stub-1,1.0,1.0
1,W2,AC,Beast,65,5.0,31.9,69.1,72.1,51.7,62.5,0,stub-1,1.0,1.0
1,W3,AC,Beast,65,5.0,13.3,86.1,62.0,47.0,63.6,0,stub-1,1.0,1.0
1,W4,AC,Beast,65,5.0,19.8,36.4,63.0,51.6,62.7,0,stub-1,1.0,1.0
1,W5,AC,Beast,65,5.0,36.9,67.4,69.4,54.5,64.2,0,stub-1,1.0,1.0
1,W6,AC,Beast,65,5.0,75.5,58.7,86.6,65.8,67.0,0,stub-1,1.0,1.0
1,W7,AC,Beast,65,5.0,93.8,89.5,86.4,68.8,66.6,0,stub-1,1.0,1.0
1,W0,AC,Beast,65,5.0,33.5,18.5,68.4,54.2,64.4,0,stub-1,1.0,1.0
1,W1,AC,Beast,65,5.0,92.3,41.6,86.6,68.4,68.9,0,stub-1,1.0,1.0
1,W2,AC,Beast,65,5.0,45.6,79.9,76.0,58.4,66.1,0,stub-1,1.0,1.0
1,W3,AC,Beast,65,5.0,93.1,42.8,87.7,67.6,68.4,0,stub-1,1.0,1.0
1,W4,AC,Beast,65,5.0,39.0,36.3,79.4,53.7,63.6,0,stub-1,1.0,1.0
1,W5,AC,Beast,65,5.0,6.5,85.7,61.7,43.1,60.0,0,stub-1,1.0,1.0
1,W6,AC,Beast,65,5.0,67.9,63.4,77.4,63.0,65.9,0,stub-1,1.0,1.0
1,W7,AC,Beast,65,5.0,52.1,73.9,78.6,59.5,66.4,0,stub-1,1.0,1.0
1,W0,DC,Beast,65,5.0,43.6,20.9,70.0,55.0,62.1,0,stub-1,1.0,1.0
1,W1,DC,Beast,65,5.0,67.0,44.4,84.0,61.7,68.6,0,stub-1,1.0,1.0
1,W2,DC,Beast,65,5.0,88.3,82.1,91.9,67.5,70.3,0,stub-1,1.0,1.0
1,W3,DC,Beast,65,5.0,42.0,49.7,75.2,56.1,61.2,0,stub-1,1.0,1.0
1,W4,DC,Beast,65,5.0,14.0,45.0,63.5,48.7,61.7,0,stub-1,1.0,1.0
1,W5,DC,Beast,65,5.0,45.9,39.3,76.8,57.7,66.8,0,stub-1,1.0,1.0
1,W6,DC,Beast,65,5.0,16.2,92.1,67.5,48.5,63.0,0,stub-1,1.0,1.0
1,W7,DC,Beast,65,5.0,71.7,5.7,77.3,62.4,67.6,0,stub-1,1.0,1.0
1,W0,AC,Extreme,65,5.2,30.5,84.2,71.0,56.9,65.4,0,stub-1,1.0,1.0
1,W1,AC,Extreme,65,5.2,26.7,86.0,67.4,51.9,63.3,0,stub-1,1.0,1.0
1,W2,AC,Extreme,65,5.2,18.8,38.7,70.3,46.8,60.3,0,stub-1,1.0,1.0
1,W3,AC,Extreme,65,5.2,94.4,26.8,89.1,70.4,69.5,0,stub-1,1.0,1.0
1,W4,AC,Extreme,65,5.2,63.0,79.6,82.5,58.8,67.0,0,stub-1,1.0,1.0
1,W5,AC,Extreme,65,5.2,20.6,86.4,71.7,48.5,61.8,0,stub-1,1.0,1.0
1,W6,AC,Extreme,65,5.2,14.0,77.1,62.4,48.9,62.7,0,stub-1,1.0,1.0
1,W7,AC,Extreme,65,5.2,61.5,28.4,75.2,56.3,63.5,0,stub-1,1.0,1.0
1,W0,AC,Extreme,65,5.2,23.3,13.4,65.5,52.4,63.0,0,stub-1,1.0,1.0
1,W1,AC,Extreme,65,5.2,68.7,87.9,82.6,64.4,68.2,0,stub-1,1.0,1.0
1,W2,AC,Extreme,65,5.2,71.8,16.7,79.9,64.3,66.8,0,stub-1,1.0,1.0
1,W3,AC,Extreme,65,5.2,31.7,53.2,73.6,53.5,66.3,0,stub-1,1.0,1.0
1,W4,AC,Extreme,65,5.2,75.7,74.3,83.8,63.1,69.0,0,stub-1,1.0,1.0
1,W5,AC,Extreme,65,5.2,57.1,14.3,77.9,57.2,65.5,0,stub-1,1.0,1.0
1,W6,AC,Extreme,65,5.2,14.6,30.4,67.8,48.6,60.6,0,stub-1,1.0,1.0
1,W7,AC,Extreme,65,5.2,80.4,40.2,86.6,65.2,67.8,0,stub-1,1.0,1.0
1,W0,AC,Extreme,65,5.2,11.6,91.3,69.9,49.8,61.5,0,stub-1,1.0,1.0
1,W1,AC,Extreme,65,5.2,86.7,77.8,90.3,67.3,68.8,0,stub-1,1.0,1.0
1,W2,AC,Extreme,65,5.2,21.1,56.1,68.1,50.5,67.4,0,stub-1,1.0,1.0
1,W3,AC,Extreme,65,5.2,60.3,54.2,79.0,62.4,68.9,0,stub-1,1.0,1.0
1,W4,AC,Extreme,65,5.2,88.4,22.4,89.6,67.7,67.8,0,stub-1,1.0,1.0
1,W5,AC,Extreme,65,5.2,15.3,24.5,66.9,48.7,63.0,0,stub-1,1.0,1.0
1,W6,AC,Extreme,65,5.2,70.5,89.6,83.2,65.4,69.2,0,stub-1,1.0,1.0
1,W7,AC,Extreme,65,5.2,54.6,31.5,78.0,59.1,63.9,0,stub-1,1.0,1.0
1,W0,DC,Extreme,65,5.2,51.1,41.0,78.4,59.4,64.6,0,stub-1,1.0,1.0
1,W1,DC,Extreme,65,5.2,30.3,40.4,65.7,50.1,61.3,0,stub-1,1.0,1.0
1,W2,DC,Extreme,65,5.2,33.0,76.5,75.6,53.1,64.8,0,stub-1,1.0,1.0
1,W3,DC,Extreme,65,5.2,78.4,61.1,83.8,63.5,66.2,0,stub-1,1.0,1.0
1,W4,DC,Extreme,65,5.2,56.0,38.7,78.5,59.0,65.8,0,stub-1,1.0,1.0
1,W5,DC,Extreme,65,5.2,57.8,31.4,80.4,61.3,64.5,0,stub-1,1.0,1.0
1,W6,DC,Extreme,65,5.2,91.9,36.7,91.8,68.7,67.9,0,stub-1,1.0,1.0
1,W7,DC,Extreme,65,5.2,37.2,11.5,78.3,53.7,62.6,0,stub-1,1.0,1.0
1,W0,AC,Quiet,25,3.8,75.2,16.0,68.0,36.6,57.0,0,stub-1,1.0,1.0
1,W1,AC,Quiet,25,3.8,76.6,85.9,71.5,34.8,56.6,0,stub-1,1.0,1.0
1,W2,AC,Quiet,25,3.8,59.2,52.5,65.3,33.3,54.2,0,stub-1,1.0,1.0
1,W3,AC,Quiet,25,3.8,11.7,85.3,45.2,17.5,52.3,0,stub-1,1.0,1.0
1,W4,AC,Quiet,25,3.8,33.6,33.8,57.4,29.3,50.7,0,stub-1,1.0,1.0
1,W5,AC,Quiet,25,3.8,16.2,20.4,50.5,20.6,53.5,0,stub-1,1.0,1.0
1,W6,AC,Quiet,25,3.8,56.9,30.7,59.0,28.6,58.3,0,stub-1,1.0,1.0
1,W7,AC,Quiet,25,3.8,30.6,80.7,54.3,21.7,54.4,0,stub-1,1.0,1.0
1,W0,AC,Quiet,25,3.8,87.6,8.5,71.2,38.8,60.8,0,stub-1,1.0,1.0
1,W1,AC,Quiet,25,3.8,70.1,29.7,69.7,35.1,55.8,0,stub-1,1.0,1.0
1,W2,AC,Quiet,25,3.8,55.1,33.2,59.8,30.0,54.9,0,stub-1,1.0,1.0
1,W3,AC,Quiet,25,3.8,92.0,15.9,70.1,38.6,60.0,0,stub-1,1.0,1.0
1,W4,AC,Quiet,25,3.8,7.6,9.3,49.3,19.5,50.8,0,stub-1,1.0,1.0
1,W5,AC,Quiet,25,3.8,20.3,22.2,55.8,24.1,52.6,0,stub-1,1.0,1.0
1,W6,AC,Quiet,25,3.8,86.3,94.1,77.0,37.4,57.9,0,stub-1,1.0,1.0
1,W7,AC,Quiet,25,3.8,15.0,90.2,55.3,22.8,53.6,0,stub-1,1.0,1.0
1,W0,AC,Quiet,25,3.8,60.1,78.1,63.4,33.7,57.9,0,stub-1,1.0,1.0
1,W1,AC,Quiet,25,3.8,16.4,82.6,53.0,21.7,49.4,0,stub-1,1.0,1.0
1,W2,AC,Quiet,25,3.8,91.9,42.2,71.7,40.8,57.3,0,stub-1,1.0,1.0
1,W3,AC,Quiet,25,3.8,92.9,34.0,72.8,40.5,58.1,0,stub-1,1.0,1.0
1,W4,AC,Quiet,25,3.8,28.7,31.7,57.6,26.0,55.6,0,stub-1,1.0,1.0
1,W5,AC,Quiet,25,3.8,23.5,12.0,49.5,24.1,53.3,0,stub-1,1.0,1.0
1,W6,AC,Quiet,25,3.8,6.2,24.5,48.3,17.9,52.1,0,stub-1,1.0,1.0
1,W7,AC,Quiet,25,3.8,58.1,52.5,64.3,34.2,55.0,0,stub-1,1.0,1.0
1,W0,DC,Quiet,25,3.8,33.1,45.9,57.5,27.7,55.6,0,stub-1,1.0,1.0
1,W1,DC,Quiet,25,3.8,37.7,92.8,55.8,28.6,53.7,0,stub-1,1.0,1.0
1,W2,DC,Quiet,25,3.8,75.2,21.9,67.8,37.5,57.1,0,stub-1,1.0,1.0
1,W3,DC,Quiet,25,3.8,18.3,83.9,56.7,22.0,51.6,0,stub-1,1.0,1.0
1,W4,DC,Quiet,25,3.8,85.5,21.8,75.6,39.4,57.7,0,stub-1,1.0,1.0
1,W5,DC,Quiet,25,3.8,12.6,43.8,50.1,22.0,54.1,0,stub-1,1.0,1.0
1,W6,DC,Quiet,25,3.8,50.7,9.8,60.6,31.1,54.4,0,stub-1,1.0,1.0
1,W7,DC,Quiet,25,3.8,43.0,31.5,54.6,26.1,55.3,0,stub-1,1.0,1.0
1,W0,AC,Balance,40,4.8,52.7,49.4,69.3,42.4,57.5,0,stub-1,1.0,1.0
1,W1,AC,Balance,40,4.8,24.8,9.8,59.0,35.7,57.8,0,stub-1,1.0,1.0
1,W2,AC,Balance,40,4.8,10.9,14.1,61.5,33.5,56.4,0,stub-1,1.0,1.0
1,W3,AC,Balance,40,4.8,71.1,84.2,76.0,45.6,62.0,0,stub-1,1.0,1.0
1,W4,AC,Balance,40,4.8,75.7,36.3,79.4,49.5,62.3,0,stub-1,1.0,1.0
1,W5,AC,Balance,40,4.8,68.0,47.9,76.7,43.5,63.3,0,stub-1,1.0,1.0
1,W6,AC,Balance,40,4.8,26.5,33.4,67.3,35.2,58.0,0,stub-1,1.0,1.0
1,W7,AC,Balance,40,4.8,6.1,47.7,58.5,28.9,55.9,0,stub-1,1.0,1.0
1,W0,AC,Balance,40,4.8,28.7,11.9,63.7,31.7,52.8,0,stub-1,1.0,1.0
1,W1,AC,Balance,40,4.8,57.5,48.9,70.4,42.4,60.6,0,stub-1,1.0,1.0
1,W2,AC,Balance,40,4.8,78.7,56.1,86.9,47.4,60.7,0,stub-1,1.0,1.0
1,W3,AC,Balance,40,4.8,13.5,32.4,61.3,31.2,54.3,0,stub-1,1.0,1.0
1,W4,AC,Balance,40,4.8,71.1,94.1,78.8,48.1,61.7,0,stub-1,1.0,1.0
1,W5,AC,Balance,40,4.8,68.9,85.2,78.6,45.8,58.1,0,stub-1,1.0,1.0
1,W6,AC,Balance,40,4.8,86.2,58.6,86.9,51.5,63.0,0,stub-1,1.0,1.0
1,W7,AC,Balance,40,4.8,93.1,82.1,84.9,50.7,62.0,0,stub-1,1.0,1.0
1,W0,AC,Balance,40,4.8,49.8,27.0,72.1,35.1,55.7,0,stub-1,1.0,1.0
1,W1,AC,Balance,40,4.8,22.4,90.9,68.2,30.3,52.6,0,stub-1,1.0,1.0
1,W2,AC,Balance,40,4.8,83.9,66.1,85.4,47.7,63.5,0,stub-1,1.0,1.0
1,W3,AC,Balance,40,4.8,66.1,84.9,76.5,42.9,61.0,0,stub-1,1.0,1.0
1,W4,AC,Balance,40,4.8,94.5,32.8,89.5,52.2,62.1,0,stub-1,1.0,1.0
1,W5,AC,Balance,40,4.8,46.0,92.1,74.8,39.9,57.8,0,stub-1,1.0,1.0
1,W6,AC,Balance,40,4.8,92.3,49.9,84.0,49.0,64.4,0,stub-1,1.0,1.0
1,W7,AC,Balance,40,4.8,61.1,64.8,82.3,42.7,61.1,0,stub-1,1.0,1.0
1,W0,DC,Balance,40,4.8,77.0,6.4,83.1,47.7,61.3,0,stub-1,1.0,1.0
1,W1,DC,Balance,40,4.8,32.5,43.7,66.8,36.1,57.6,0,stub-1,1.0,1.0
1,W2,DC,Balance,40,4.8,27.6,36.5,64.7,38.8,57.3,0,stub-1,1.0,1.0
1,W3,DC,Balance,40,4.8,12.7,29.4,57.0,32.5,56.4,0,stub-1,1.0,1.0
1,W4,DC,Balance,40,4.8,57.7,12.3,75.6,44.6,58.9,0,stub-1,1.0,1.0
1,W5,DC,Balance,40,4.8,43.0,92.0,74.8,40.0,59.7,0,stub-1,1.0,1.0
1,W6,DC,Balance,40,4.8,32.2,33.0,63.1,34.9,56.3,0,stub-1,1.0,1.0
1,W7,DC,Balance,40,4.8,66.5,23.0,81.1,46.3,62.6,0,stub-1,1.0,1.0
1,W0,AC,Beast,65,5.0,32.1,12.7,65.8,52.4,61.9,0,stub-1,1.0,1.0
1,W1,AC,Beast,65,5.0,83.8,44.3,84.3,67.8,70.0,0,stub-1,1.0,1.0
1,W2,AC,Beast,65,5.0,33.2,89.1,69.2,51.6,61.7,0,stub-1,1.0,1.0
1,W3,AC,Beast,65,5.0,7.5,55.3,63.6,49.4,61.9,0,stub-1,1.0,1.0
1,W4,AC,Beast,65,5.0,73.0,60.4,81.2,65.2,67.0,0,stub-1,1.0,1.0
1,W5,AC,Beast,65,5.0,55.9,31.4,76.7,59.5,64.3,0,stub-1,1.0,1.0
1,W6,AC,Beast,65,5.0,41.3,5.5,74.5,52.0,62.7,0,stub-1,1.0,1.0
1,W7,AC,Beast,65,5.0,9.9,79.7,63.2,46.9,60.3,0,stub-1,1.0,1.0
1,W0,AC,Beast,65,5.0,13.8,31.2,61.5,49.1,64.5,0,stub-1,1.0,1.0
1,W1,AC,Beast,65,5.0,65.7,71.5,81.5,63.2,67.5,0,stub-1,1.0,1.0
1,W2,AC,Beast,65,5.0,18.0,71.6,63.3,50.0,61.2,0,stub-1,1.0,1.0
1,W3,AC,Beast,65,5.0,33.0,94.0,64.7,56.0,64.7,0,stub-1,1.0,1.0
1,W4,AC,Beast,65,5.0,66.9,15.3,84.2,62.2,67.3,0,stub-1,1.0,1.0
1,W5,AC,Beast,65,5.0,47.6,79.9,75.2,56.8,65.0,0,stub-1,1.0,1.0
1,W6,AC,Beast,65,5.0,16.0,41.4,70.3,49.1,63.2,0,stub-1,1.0,1.0
1,W7,AC,Beast,65,5.0,79.0,66.3,80.5,67.0,66.8,0,stub-1,1.0,1.0
1,W0,AC,Beast,65,5.0,43.9,62.3,75.4,59.9,65.4,0,stub-1,1.0,1.0
1,W1,AC,Beast,65,5.0,71.7,54.2,80.0,61.8,66.8,0,stub-1,1.0,1.0
1,W2,AC,Beast,65,5.0,65.1,91.3,75.1,61.9,64.9,0,stub-1,1.0,1.0
1,W3,AC,Beast,65,5.0,42.5,43.2,75.7,58.3,65.7,0,stub-1,1.0,1.0
1,W4,AC,Beast,65,5.0,55.8,6.0,75.3,62.2,68.4,1,stub-1,1.0,1.0
1,W5,AC,Beast,65,5.0,86.6,91.7,83.4,64.0,67.9,0,stub-1,1.0,1.0
1,W6,AC,Beast,65,5.0,29.9,93.4,65.3,56.0,63.2,0,stub-1,1.0,1.0
1,W7,AC,Beast,65,5.0,68.6,40.2,80.5,65.3,68.7,0,stub-1,1.0,1.0
1,W0,DC,Beast,65,5.0,36.7,69.7,68.5,57.4,65.3,0,stub-1,1.0,1.0
1,W1,DC,Beast,65,5.0,73.6,32.3,79.7,60.4,68.2,0,stub-1,1.0,1.0
1,W2,DC,Beast,65,5.0,63.1,38.9,74.6,61.8,63.6,0,stub-1,1.0,1.0
1,W3,DC,Beast,65,5.0,52.3,16.6,72.5,56.3,68.1,0,stub-1,1.0,1.0
1,W4,DC,Beast,65,5.0,36.3,60.6,70.2,54.9,64.8,0,stub-1,1.0,1.0
1,W5,DC,Beast,65,5.0,14.6,89.1,63.0,45.8,61.4,0,stub-1,1.0,1.0
1,W6,DC,Beast,65,5.0,93.3,77.8,87.8,67.4,69.3,0,stub-1,1.0,1.0
1,W7,DC,Beast,65,5.0,85.3,73.0,84.5,66.2,68.4,0,stub-1,1.0,1.0
1,W0,AC,Extreme,65,5.2,60.1,15.3,81.1,59.9,66.1,0,stub-1,1.0,1.0
1,W1,AC,Extreme,65,5.2,80.7,88.1,82.5,64.3,69.6,0,stub-1,1.0,1.0
1,W2,AC,Extreme,65,5.2,39.0,94.0,72.3,54.6,64.1,0,stub-1,1.0,1.0
1,W3,AC,Extreme,65,5.2,23.1,19.6,72.6,52.7,60.9,0,stub-1,1.0,1.0
1,W4,AC,Extreme,65,5.2,22.3,57.4,66.0,48.9,62.9,0,stub-1,1.0,1.0
1,W5,AC,Extreme,65,5.2,37.4,41.7,78.8,54.1,63.8,0,stub-1,1.0,1.0
1,W6,AC,Extreme,65,5.2,21.7,70.7,72.5,49.4,59.5,0,stub-1,1.0,1.0
1,W7,AC,Extreme,65,5.2,56.3,47.6,79.4,57.9,66.9,0,stub-1,1.0,1.0
1,W0,AC,Extreme,65,5.2,55.3,17.4,81.9,60.2,65.7,0,stub-1,1.0,1.0
1,W1,AC,Extreme,65,5.2,12.0,75.4,66.8,48.2,62.6,0,stub-1,1.0,1.0
1,W2,AC,Extreme,65,5.2,25.8,59.1,69.1,53.2,66.8,0,stub-1,1.0,1.0
1,W3,AC,Extreme,65,5.2,68.3,11.1,80.4,66.2,65.3,0,stub-1,1.0,1.0
1,W4,AC,Extreme,65,5.2,11.7,56.8,70.1,44.7,59.1,1,stub-1,1.0,1.0
1,W5,AC,Extreme,65,5.2,67.8,15.0,82.7,58.1,65.9,0,stub-1,1.0,1.0
1,W6,AC,Extreme,65,5.2,28.7,7.7,69.8,54.0,62.6,0,stub-1,1.0,1.0
1,W7,AC,Extreme,65,5.2,17.5,54.2,72.1,49.4,58.9,0,stub-1,1.0,1.0
1,W0,AC,Extreme,65,5.2,64.7,84.0,81.9,62.5,69.9,0,stub-1,1.0,1.0
1,W1,AC,Extreme,65,5.2,68.3,73.9,80.8,68.1,69.8,0,stub-1,1.0,1.0
1,W2,AC,Extreme,65,5.2,90.5,58.8,88.6,67.6,65.2,0,stub-1,1.0,1.0
1,W3,AC,Extreme,65,5.2,8.8,8.2,62.7,44.8,60.6,0,stub-1,1.0,1.0
1,W4,AC,Extreme,65,5.2,43.8,32.3,80.2,52.1,63.8,0,stub-1,1.0,1.0
1,W5,AC,Extreme,65,5.2,78.0,53.1,85.9,66.9,66.7,0,stub-1,1.0,1.0
1,W6,AC,Extreme,65,5.2,71.4,54.7,88.7,64.4,67.0,0,stub-1,1.0,1.0
1,W7,AC,Extreme,65,5.2,43.4,17.4,72.4,52.4,64.6,0,stub-1,1.0,1.0
1,W0,DC,Extreme,65,5.2,93.4,38.1,91.5,70.9,70.8,0,stub-1,1.0,1.0
1,W1,DC,Extreme,65,5.2,58.0,25.4,80.6,59.9,62.8,0,stub-1,1.0,1.0
1,W2,DC,Extreme,65,5.2,76.4,56.1,85.8,64.6,67.1,1,stub-1,1.0,1.0
1,W3,DC,Extreme,65,5.2,16.4,21.3,61.9,51.4,63.4,0,stub-1,1.0,1.0
1,W4,DC,Extreme,65,5.2,64.0,27.0,80.5,64.1,66.7,1,stub-1,1.0,1.0
1,W5,DC,Extreme,65,5.2,27.5,53.9,70.9,49.1,62.3,0,stub-1,1.0,1.0
1,W6,DC,Extreme,65,5.2,37.1,87.4,74.4,57.9,67.7,0,stub-1,1.0,1.0
1,W7,DC,Extreme,65,5.2,31.3,63.8,69.9,51.8,62.9,0,stub-1,1.0,1.0
1,W0,AC,Quiet,25,3.8,67.8,50.3,72.0,35.9,57.0,0,stub-1,1.0,1.0
1,W1,AC,Quiet,25,3.8,30.2,23.3,50.6,28.6,58.1,0,stub-1,1.0,1.0
1,W2,AC,Quiet,25,3.8,25.7,71.8,54.0,25.8,54.4,0,stub-1,1.0,1.0
1,W3,AC,Quiet,25,3.8,67.9,63.5,64.4,33.5,56.9,0,stub-1,1.0,1.0
1,W4,AC,Quiet,25,3.8,49.9,8.0,60.1,31.9,56.5,0,stub-1,1.0,1.0
1,W5,AC,Quiet,25,3.8,59.9,49.6,62.4,33.8,55.7,0,stub-1,1.0,1.0
1,W6,AC,Quiet,25,3.8,9.0,23.5,49.6,21.7,53.8,0,stub-1,1.0,1.0
1,W7,AC,Quiet,25,3.8,53.7,36.3,62.5,33.6,57.1,0,stub-1,1.0,1.0
1,W0,AC,Quiet,25,3.8,85.4,88.0,75.8,36.8,55.8,0,stub-1,1.0,1.0
1,W1,AC,Quiet,25,3.8,35.7,79.6,53.6,24.5,54.2,0,stub-1,1.0,1.0
1,W2,AC,Quiet,25,3.8,70.6,71.2,68.1,35.5,55.6,0,stub-1,1.0,1.0
1,W3,AC,Quiet,25,3.8,82.3,89.4,73.4,35.5,57.9,0,stub-1,1.0,1.0
1,W4,AC,Quiet,25,3.8,56.1,51.7,64.0,33.2,56.5,0,stub-1,1.0,1.0
1,W5,AC,Quiet,25,3.8,6.4,77.0,40.7,19.9,51.8,0,stub-1,1.0,1.0
1,W6,AC,Quiet,25,3.8,27.5,53.9,52.3,26.1,53.1,0,stub-1,1.0,1.0
1,W7,AC,Quiet,25,3.8,64.3,75.4,63.0,34.6,55.2,0,stub-1,1.0,1.0
1,W0,AC,Quiet,25,3.8,16.2,56.2,49.4,23.0,53.8,0,stub-1,1.0,1.0
1,W1,AC,Quiet,25,3.8,44.6,47.0,62.0,30.9,55.4,0,stub-1,1.0,1.0
1,W2,AC,Quiet,25,3.8,81.0,24.6,76.5,39.4,58.5,0,stub-1,1.0,1.0
1,W3,AC,Quiet,25,3.8,10.8,21.2,52.9,20.4,50.9,0,stub-1,1.0,1.0
1,W4,AC,Quiet,25,3.8,83.2,16.5,69.4,37.5,57.8,0,stub-1,1.0,1.0
1,W5,AC,Quiet,25,3.8,8.5,66.6,47.5,21.3,50.9,0,stub-1,1.0,1.0
1,W6,AC,Quiet,25,3.8,8.8,69.6,52.6,20.9,52.2,0,stub-1,1.0,1.0
1,W7,AC,Quiet,25,3.8,66.1,82.2,67.7,32.1,58.1,0,stub-1,1.0,1.0
1,W0,DC,Quiet,25,3.8,59.1,36.5,66.2,33.3,55.5,0,stub-1,1.0,1.0
1,W1,DC,Quiet,25,3.8,34.3,38.4,55.7,27.0,53.1,0,stub-1,1.0,1.0
1,W2,DC,Quiet,25,3.8,62.8,83.8,66.1,34.6,57.4,0,stub-1,1.0,1.0
1,W3,DC,Quiet,25,3.8,63.7,47.4,62.1,36.2,57.3,0,stub-1,1.0,1.0
1,W4,DC,Quiet,25,3.8,19.4,9.0,57.4,20.5,54.2,0,stub-1,1.0,1.0
1,W5,DC,Quiet,25,3.8,51.0,75.3,61.5,27.6,54.6,0,stub-1,1.0,1.0
1,W6,DC,Quiet,25,3.8,36.0,24.3,56.8,26.0,53.9,0,stub-1,1.0,1.0
1,W7,DC,Quiet,25,3.8,94.8,12.1,71.1,45.3,62.5,0,stub-1,1.0,1.0
1,W0,AC,Balance,40,4.8,25.2,50.3,61.8,33.2,54.5,0,stub-1,1.0,1.0
1,W1,AC,Balance,40,4.8,81.3,52.5,84.4,50.5,63.2,0,stub-1,1.0,1.0
1,W2,AC,Balance,40,4.8,52.2,44.7,72.6,44.8,60.4,0,stub-1,1.0,1.0
1,W3,AC,Balance,40,4.8,74.1,37.6,82.0,43.3,60.8,0,stub-1,1.0,1.0
1,W4,AC,Balance,40,4.8,15.4,26.7,61.5,27.8,53.8,0,stub-1,1.0,1.0
1,W5,AC,Balance,40,4.8,87.3,63.8,85.9,48.1,60.8,0,stub-1,1.0,1.0
1,W6,AC,Balance,40,4.8,42.7,56.2,71.1,37.8,55.7,0,stub-1,1.0,1.0
1,W7,AC,Balance,40,4.8,41.7,57.6,68.9,39.4,59.7,0,stub-1,1.0,1.0
1,W0,AC,Balance,40,4.8,30.8,33.2,69.6,36.7,59.8,0,stub-1,1.0,1.0
1,W1,AC,Balance,40,4.8,61.9,74.5,75.8,46.8,59.6,0,stub-1,1.0,1.0
1,W2,AC,Balance,40,4.8,6.4,15.9,59.2,32.1,58.5,0,stub-1,1.0,1.0
1,W3,AC,Balance,40,4.8,8.1,43.8,57.9,27.8,50.5,0,stub-1,1.0,1.0
1,W4,AC,Balance,40,4.8,16.9,83.0,68.3,30.1,54.6,0,stub-1,1.0,1.0
1,W5,AC,Balance,40,4.8,69.1,15.7,80.7,48.7,60.1,0,stub-1,1.0,1.0
1,W6,AC,Balance,40,4.8,58.2,60.5,76.0,42.5,59.8,0,stub-1,1.0,1.0
1,W7,AC,Balance,40,4.8,45.4,41.8,68.4,35.7,58.4,0,stub-1,1.0,1.0
1,W0,AC,Balance,40,4.8,31.0,47.9,68.2,36.7,58.2,0,stub-1,1.0,1.0
1,W1,AC,Balance,40,4.8,89.3,12.5,77.7,52.5,62.1,0,stub-1,1.0,1.0
1,W2,AC,Balance,40,4.8,38.3,63.4,66.7,39.0,56.7,0,stub-1,1.0,1.0
1,W3,AC,Balance,40,4.8,13.7,31.8,61.5,30.0,57.1,0,stub-1,1.0,1.0
1,W4,AC,Balance,40,4.8,85.8,57.2,85.1,47.7,61.1,0,stub-1,1.0,1.0
1,W5,AC,Balance,40,4.8,17.9,78.3,65.3,31.9,51.7,0,stub-1,1.0,1.0
1,W6,AC,Balance,40,4.8,24.0,51.7,61.1,32.7,57.5,0,stub-1,1.0,1.0
1,W7,AC,Balance,40,4.8,15.7,29.6,63.7,28.1,56.0,0,stub-1,1.0,1.0
1,W0,DC,Balance,40,4.8,31.0,87.6,71.9,35.5,59.4,0,stub-1,1.0,1.0
1,W1,DC,Balance,40,4.8,17.7,23.6,60.9,34.2,54.8,0,stub-1,1.0,1.0
1,W2,DC,Balance,40,4.8,7.5,86.2,63.5,29.2,55.3,0,stub-1,1.0,1.0
1,W3,DC,Balance,40,4.8,7.3,23.3,59.5,32.3,55.6,0,stub-1,1.0,1.0
1,W4,DC,Balance,40,4.8,70.9,51.9,80.1,44.3,62.3,0,stub-1,1.0,1.0
1,W5,DC,Balance,40,4.8,45.0,43.9,74.1,38.9,61.6,0,stub-1,1.0,1.0
1,W6,DC,Balance,40,4.8,94.4,70.8,88.0,52.8,65.8,0,stub-1,1.0,1.0
1,W7,DC,Balance,40,4.8,70.5,34.4,81.3,44.0,60.3,0,stub-1,1.0,1.0
1,W0,AC,Beast,65,5.0,61.8,51.2,79.3,57.9,63.9,0,stub-1,1.0,1.0
1,W1,AC,Beast,65,5.0,44.0,88.9,79.5,57.0,63.7,0,stub-1,1.0,1.0
1,W2,AC,Beast,65,5.0,80.7,64.5,84.8,65.3,67.7,0,stub-1,1.0,1.0
1,W3,AC,Beast,65,5.0,38.9,89.9,71.4,54.5,63.0,0,stub-1,1.0,1.0
1,W4,AC,Beast,65,5.0,18.6,78.2,65.3,48.5,63.0,0,stub-1,1.0,1.0
1,W5,AC,Beast,65,5.0,82.1,72.5,90.5,66.8,68.4,0,stub-1,1.0,1.0
1,W6,AC,Beast,65,5.0,55.2,23.8,77.9,61.2,66.3,0,stub-1,1.0,1.0
1,W7,AC,Beast,65,5.0,57.6,62.4,80.2,57.0,65.2,0,stub-1,1.0,1.0
1,W0,AC,Beast,65,5.0,21.2,32.0,66.6,52.5,60.7,0,stub-1,1.0,1.0
1,W1,AC,Beast,65,5.0,40.3,37.1,72.6,54.7,64.2,0,stub-1,1.0,1.0
1,W2,AC,Beast,65,5.0,15.1,84.3,64.6,47.6,63.0,0,stub-1,1.0,1.0
1,W3,AC,Beast,65,5.0,15.4,46.8,64.1,48.9,62.8,0,stub-1,1.0,1.0
1,W4,AC,Beast,65,5.0,67.7,68.4,80.8,60.2,66.6,0,stub-1,1.0,1.0
1,W5,AC,Beast,65,5.0,26.1,31.2,64.6,47.8,61.6,0,stub-1,1.0,1.0
1,W6,AC,Beast,65,5.0,75.5,10.5,83.0,62.8,66.4,0,stub-1,1.0,1.0
1,W7,AC,Beast,65,5.0,44.8,40.9,76.2,58.0,64.7,0,stub-1,1.0,1.0
